epoch,train_loss,train_acc,train_f1,val_loss,val_acc,val_f1,sec
1,3.0896780394703107,0.46511627906976744,0.46819799992170374,1.2629148350897943,0.9000960614793467,0.8985747011505315,46.07380557060242
2,1.283561183876843,0.874665569047129,0.87442099594507,0.9985450326423022,0.9606147934678194,0.9607512782274695,33.96093010902405
3,1.1172311175480427,0.9230294299238526,0.9231347046147989,0.9617868895489475,0.9673390970220941,0.9672616887319676,34.321879386901855
4,1.031107575443454,0.945256225560815,0.9453788755001752,0.9244445926517849,0.968299711815562,0.9683195607535783,34.10642218589783
5,0.993638226637062,0.9526651574398024,0.9527256570214279,0.905998837363823,0.9769452449567724,0.9770287588709481,35.0739803314209
6,0.9676359254260396,0.9625437332784523,0.9627349281595,0.9098368202918544,0.9740634005763689,0.9740356632531122,34.32076287269592
7,0.9559766091199342,0.9611031076353159,0.9611439724459271,0.8776130988893317,0.983669548511047,0.983619719860901,33.33812856674194
8,0.9286607295845143,0.9703642724840502,0.9704291524588056,0.8706664392057231,0.9827089337175793,0.9826646528187052,34.25499749183655
9,0.9131698127537751,0.9742745420868492,0.9742734858109267,0.859925654218474,0.9903938520653218,0.990277115201308,34.694307804107666
10,0.8952423243346983,0.9769499897098168,0.9769872328393665,0.8493217033451275,0.9903938520653218,0.9902917103337663,33.58206558227539
11,0.8842065637311368,0.9814776703025314,0.981493644953971,0.8449697207076177,0.9913544668587896,0.9913958826708151,33.73168110847473
12,0.8719302452034998,0.9810660629759209,0.9810689498293605,0.8367023309987972,0.989433237271854,0.9893749085362293,35.07424592971802
13,0.8657756748084645,0.982095081292447,0.9821194204667804,0.8302941556508213,0.9884726224783862,0.9884792384860953,33.603103160858154
14,0.854766173172841,0.9839473142621938,0.9839443717955111,0.823363113013972,0.9923150816522575,0.9923170996997318,33.64247012138367
15,0.861241539262111,0.9808602593126158,0.9808716642397699,0.8187134535580616,0.9913544668587896,0.9912746441934124,36.28121066093445
16,0.8438565764659764,0.9857995472319407,0.985794009738398,0.8155001343499,0.9923150816522575,0.9921818878970661,34.683778047561646
17,0.8407224528851835,0.9882691911916032,0.988278592225045,0.8154004601534459,0.9923150816522575,0.9922518681276509,35.15146589279175
18,0.8404254597090576,0.9866227618851615,0.9865993390737308,0.8135699661275038,0.9932756964457252,0.9931966012405465,35.75194764137268
19,0.8448909042450252,0.9853879399053304,0.9854255692274183,0.813501015348462,0.9932756964457252,0.9931953515935716,34.43271613121033
20,0.8436658853340306,0.9851821362420251,0.985176763638771,0.8115317518040037,0.9942363112391931,0.9941458492070283,36.81186056137085
