path,label,suggested,oof_conf
/content/data/IE7615 Deep Learning for AI/images_OBJ061/OBJ061_019.jpg,images_OBJ061,images_OBJ059,0.9986143444524452
/content/data/IE7615 Deep Learning for AI/images_OBJ059/OBJ059_068.jpg,images_OBJ059,images_OBJ061,0.997555904309499
/content/data/IE7615 Deep Learning for AI/images_OBJ042/OBJ042_044.jpg,images_OBJ042,images_OBJ027,0.9866384095842246
/content/data/IE7615 Deep Learning for AI/images_OBJ014/sunglasses_001.jpeg,images_OBJ014,images_OBJ045,0.9848564961056645
/content/data/IE7615 Deep Learning for AI/images_OBJ061/OBJ061_033.jpg,images_OBJ061,images_OBJ059,0.9704052481004527
/content/data/IE7615 Deep Learning for AI/images_OBJ013/OBJ013_084.jpg,images_OBJ013,images_OBJ034,0.9702063560553662
/content/data/IE7615 Deep Learning for AI/images_OBJ054/OBJ054_005.jpg,images_OBJ054,images_OBJ022,0.957811385451037
/content/data/IE7615 Deep Learning for AI/images_OBJ050/OBJ050_052.jpg,images_OBJ050,images_OBJ037,0.9557734982831403
/content/data/IE7615 Deep Learning for AI/images_OBJ027/OBJ027_079.jpg,images_OBJ027,images_OBJ022,0.9501400114855343
/content/data/IE7615 Deep Learning for AI/images_OBJ062/OBJ062_026.jpg,images_OBJ062,images_OBJ068,0.950036288754826
/content/data/IE7615 Deep Learning for AI/images_OBJ061/OBJ061_020.jpg,images_OBJ061,images_OBJ059,0.9355042847265927
/content/data/IE7615 Deep Learning for AI/images_OBJ059/OBJ059_061.jpg,images_OBJ059,images_OBJ061,0.9236123775654554
/content/data/IE7615 Deep Learning for AI/images_OBJ061/OBJ061_076.jpg,images_OBJ061,images_OBJ026,0.9227894984391861
/content/data/IE7615 Deep Learning for AI/images_OBJ066/OBJ066_026.jpg,images_OBJ066,images_OBJ051,0.9081866064828074
/content/data/IE7615 Deep Learning for AI/images_OBJ003/OBJ003_008.jpg,images_OBJ003,images_OBJ012,0.89923209484032
/content/data/IE7615 Deep Learning for AI/images_OBJ059/OBJ059_074.jpg,images_OBJ059,images_OBJ061,0.8707136710415827
/content/data/IE7615 Deep Learning for AI/images_OBJ054/OBJ054_027.jpg,images_OBJ054,images_OBJ056,0.8626578859732998
/content/data/IE7615 Deep Learning for AI/images_OBJ016/OBJ016_076.jpg,images_OBJ016,images_OBJ057,0.8422476616432114
/content/data/IE7615 Deep Learning for AI/images_OBJ046/OBJ046_087.jpg,images_OBJ046,images_OBJ064,0.8422361987212084
/content/data/IE7615 Deep Learning for AI/images_OBJ059/OBJ059_055.jpg,images_OBJ059,images_OBJ061,0.8144804786668066
/content/data/IE7615 Deep Learning for AI/images_OBJ065/OBJ065_018.jpg,images_OBJ065,images_OBJ036,0.8141995233262662
/content/data/IE7615 Deep Learning for AI/images_OBJ062/OBJ062_024.jpg,images_OBJ062,images_OBJ068,0.8062071641423483
/content/data/IE7615 Deep Learning for AI/images_OBJ050/OBJ050_045.jpg,images_OBJ050,images_OBJ037,0.8002334604601014
/content/data/IE7615 Deep Learning for AI/images_OBJ013/OBJ013_085.jpg,images_OBJ013,images_OBJ003,0.7989182270706676
/content/data/IE7615 Deep Learning for AI/images_OBJ037/OBJ037_027.jpg,images_OBJ037,images_OBJ061,0.7863653557676713
/content/data/IE7615 Deep Learning for AI/images_OBJ061/OBJ061_087.jpg,images_OBJ061,images_OBJ059,0.7746375154487567
/content/data/IE7615 Deep Learning for AI/images_OBJ022/OBJ022_081.jpeg,images_OBJ022,images_OBJ034,0.757460605495114
/content/data/IE7615 Deep Learning for AI/images_OBJ061/OBJ061_042.jpg,images_OBJ061,images_OBJ059,0.7547982711260383
/content/data/IE7615 Deep Learning for AI/images_OBJ061/OBJ061_014.jpg,images_OBJ061,images_OBJ059,0.7526028057186153
/content/data/IE7615 Deep Learning for AI/images_OBJ061/OBJ061_045.jpg,images_OBJ061,images_OBJ068,0.7405142842581005
/content/data/IE7615 Deep Learning for AI/images_OBJ037/OBJ037_072.jpg,images_OBJ037,images_OBJ061,0.7311462309281777
/content/data/IE7615 Deep Learning for AI/images_OBJ012/OBJ012_002.jpg,images_OBJ012,images_OBJ016,0.731091523535654
/content/data/IE7615 Deep Learning for AI/images_OBJ042/OBJ042_014.jpg,images_OBJ042,images_OBJ032,0.7239397151992096
/content/data/IE7615 Deep Learning for AI/images_OBJ061/OBJ061_050.jpg,images_OBJ061,images_OBJ059,0.7062494698887994
/content/data/IE7615 Deep Learning for AI/images_OBJ037/OBJ037_035.jpg,images_OBJ037,images_OBJ036,0.7018115442382857
/content/data/IE7615 Deep Learning for AI/images_OBJ037/OBJ037_053.jpg,images_OBJ037,images_OBJ027,0.6930035716059653
/content/data/IE7615 Deep Learning for AI/images_OBJ003/OBJ003_013.jpg,images_OBJ003,images_OBJ057,0.6868986392001236
/content/data/IE7615 Deep Learning for AI/images_OBJ059/OBJ059_013.jpg,images_OBJ059,images_OBJ045,0.6857484547928765
/content/data/IE7615 Deep Learning for AI/images_OBJ061/OBJ061_028.jpg,images_OBJ061,images_OBJ059,0.6827201164353529
/content/data/IE7615 Deep Learning for AI/images_OBJ013/OBJ013_052.jpg,images_OBJ013,images_OBJ062,0.6414541803331196
/content/data/IE7615 Deep Learning for AI/images_OBJ020/OBJ020_019.jpg,images_OBJ020,images_OBJ007,0.6411968606171795
/content/data/IE7615 Deep Learning for AI/images_OBJ011/OBJ011_083.jpg,images_OBJ011,images_OBJ034,0.6409928046434479
/content/data/IE7615 Deep Learning for AI/images_OBJ032/OBJ032_094.jpg,images_OBJ032,images_OBJ061,0.6279292208761168
/content/data/IE7615 Deep Learning for AI/images_OBJ013/OBJ013_021.jpg,images_OBJ013,images_OBJ063,0.6225058431792977
/content/data/IE7615 Deep Learning for AI/images_OBJ052/OBJ052_015.jpg,images_OBJ052,images_OBJ003,0.6213756289976211
/content/data/IE7615 Deep Learning for AI/images_OBJ050/OBJ050_041.jpg,images_OBJ050,images_OBJ012,0.6131240690811306
/content/data/IE7615 Deep Learning for AI/images_OBJ061/OBJ061_048.jpg,images_OBJ061,images_OBJ059,0.6120017547995056
/content/data/IE7615 Deep Learning for AI/images_OBJ017/OBJ017_099.jpg,images_OBJ017,images_OBJ063,0.6060616954047561
/content/data/IE7615 Deep Learning for AI/images_OBJ059/OBJ059_036.jpg,images_OBJ059,images_OBJ061,0.6021641780547062
/content/data/IE7615 Deep Learning for AI/images_OBJ034/OBJ034_012.jpg,images_OBJ034,images_OBJ014,0.6000154952014188
