fname,class_name,shot
OBJ001_bg_001.jpg,OBJ001,1
OBJ001_bg_002.jpg,OBJ001,2
OBJ001_bg_003.jpg,OBJ001,3
OBJ001_bg_004.jpg,OBJ001,4
OBJ001_bg_005.jpg,OBJ001,5
OBJ002_bg_001.jpg,OBJ002,1
OBJ002_bg_002.jpg,OBJ002,2
OBJ002_bg_003.jpg,OBJ002,3
OBJ002_bg_004.jpg,OBJ002,4
OBJ002_bg_005.jpg,OBJ002,5
OBJ003_bg_001.jpg,OBJ003,1
OBJ003_bg_002.jpg,OBJ003,2
OBJ003_bg_003.jpg,OBJ003,3
OBJ003_bg_004.jpg,OBJ003,4
OBJ003_bg_005.jpg,OBJ003,5
OBJ005_bg_001.jpg,OBJ005,1
OBJ005_bg_002.jpg,OBJ005,2
OBJ005_bg_003.jpg,OBJ005,3
OBJ005_bg_004.jpg,OBJ005,4
OBJ005_bg_005.jpg,OBJ005,5
OBJ005_bg_006.jpg,OBJ005,6
OBJ005_bg_007.jpg,OBJ005,7
OBJ005_bg_008.jpg,OBJ005,8
OBJ005_bg_009.jpg,OBJ005,9
OBJ006_bg_001.jpg,OBJ006,1
OBJ006_bg_002.jpg,OBJ006,2
OBJ006_bg_003.jpg,OBJ006,3
OBJ006_bg_004.jpg,OBJ006,4
OBJ006_bg_005.jpg,OBJ006,5
OBJ007_bg_001.jpg,OBJ007,1
OBJ007_bg_002.jpg,OBJ007,2
OBJ007_bg_003.jpg,OBJ007,3
OBJ007_bg_004.jpg,OBJ007,4
OBJ007_bg_005.jpg,OBJ007,5
OBJ008_bg_001.jpg,OBJ008,1
OBJ008_bg_002.jpg,OBJ008,2
OBJ008_bg_003.jpg,OBJ008,3
OBJ008_bg_004.jpg,OBJ008,4
OBJ008_bg_005.jpg,OBJ008,5
OBJ009_bg_001.jpg,OBJ009,1
OBJ009_bg_002.jpg,OBJ009,2
OBJ009_bg_003.jpg,OBJ009,3
OBJ009_bg_004.jpg,OBJ009,4
OBJ009_bg_005.jpg,OBJ009,5
OBJ009_bg_006.jpg,OBJ009,6
OBJ009_bg_007.jpg,OBJ009,7
OBJ009_bg_008.jpg,OBJ009,8
OBJ009_bg_009.jpg,OBJ009,9
OBJ009_bg_010.jpg,OBJ009,10
OBJ009_bg_011.jpg,OBJ009,11
OBJ010_bg_001.jpg,OBJ010,1
OBJ010_bg_002.jpg,OBJ010,2
OBJ010_bg_003.jpg,OBJ010,3
OBJ010_bg_004.jpg,OBJ010,4
OBJ010_bg_005.jpg,OBJ010,5
OBJ011_bg_001.jpg,OBJ011,1
OBJ011_bg_002.jpg,OBJ011,2
OBJ011_bg_003.jpg,OBJ011,3
OBJ011_bg_004.jpg,OBJ011,4
OBJ011_bg_005.jpg,OBJ011,5
OBJ012_bg_001.jpg,OBJ012,1
OBJ012_bg_002.jpg,OBJ012,2
OBJ012_bg_003.jpg,OBJ012,3
OBJ012_bg_004.jpg,OBJ012,4
OBJ012_bg_005.jpeg,OBJ012,5
OBJ013_BG001.jpg,OBJ013,-1
OBJ013_BG002.jpg,OBJ013,-1
OBJ013_BG003.jpg,OBJ013,-1
OBJ013_BG004.jpg,OBJ013,-1
OBJ013_BG005.jpg,OBJ013,-1
OBJ013_BG006.jpg,OBJ013,-1
sunglasses_bg_001.jpeg,OBJ014,1
sunglasses_bg_002.jpeg,OBJ014,2
sunglasses_bg_003.jpeg,OBJ014,3
sunglasses_bg_004.jpeg,OBJ014,4
sunglasses_bg_005.jpeg,OBJ014,5
sunglasses_bg_006.jpeg,OBJ014,6
sunglasses_bg_007.jpeg,OBJ014,7
OBJ015_bg_001.jpg,OBJ015,1
OBJ015_bg_002.jpg,OBJ015,2
OBJ015_bg_003.jpg,OBJ015,3
OBJ015_bg_004.jpg,OBJ015,4
OBJ015_bg_005.jpg,OBJ015,5
OBJ016_bg_001.jpg,OBJ016,1
OBJ016_bg_002.jpg,OBJ016,2
OBJ016_bg_003.jpg,OBJ016,3
OBJ016_bg_004.jpg,OBJ016,4
OBJ016_bg_005.jpg,OBJ016,5
OBJ017_bg_001.jpg,OBJ017,1
OBJ017_bg_002.jpg,OBJ017,2
OBJ017_bg_003.jpg,OBJ017,3
OBJ017_bg_004.jpg,OBJ017,4
OBJ017_bg_005.jpg,OBJ017,5
OBJ017_bg_006.jpg,OBJ017,6
OBJ017_bg_007.jpg,OBJ017,7
OBJ018_bg_001.jpg,OBJ018,1
OBJ018_bg_002.jpg,OBJ018,2
OBJ018_bg_003.jpg,OBJ018,3
OBJ018_bg_004.jpg,OBJ018,4
OBJ018_bg_005.jpg,OBJ018,5
OBJ019_bg_001.jpg,OBJ019,1
OBJ019_bg_002.jpg,OBJ019,2
OBJ019_bg_003.jpg,OBJ019,3
OBJ019_bg_004.jpg,OBJ019,4
OBJ019_bg_005.jpg,OBJ019,5
OBJ020_bg_001.jpg,OBJ020,1
OBJ020_bg_002.jpg,OBJ020,2
OBJ020_bg_003.jpg,OBJ020,3
OBJ020_bg_004.jpg,OBJ020,4
OBJ020_bg_005.jpg,OBJ020,5
OBJ021_bg_001.jpg,OBJ021,1
OBJ021_bg_002.jpg,OBJ021,2
OBJ021_bg_003.jpg,OBJ021,3
OBJ021_bg_004.jpg,OBJ021,4
OBJ021_bg_005.jpg,OBJ021,5
OBJ022_bg_001.jpeg,OBJ022,1
OBJ022_bg_002.jpeg,OBJ022,2
OBJ022_bg_003.jpeg,OBJ022,3
OBJ022_bg_004.jpeg,OBJ022,4
OBJ022_bg_005.jpeg,OBJ022,5
OBJ023_bg_001.JPG,OBJ023,1
OBJ023_bg_002.JPG,OBJ023,2
OBJ023_bg_003.JPG,OBJ023,3
OBJ023_bg_004.JPG,OBJ023,4
OBJ023_bg_005.JPG,OBJ023,5
OBJ024_bg_001.jpg,OBJ024,1
OBJ024_bg_002.jpg,OBJ024,2
OBJ024_bg_003.jpg,OBJ024,3
OBJ024_bg_004.jpg,OBJ024,4
OBJ024_bg_005.jpg,OBJ024,5
OBJ025_bg_001.jpg,OBJ025,1
OBJ025_bg_002.jpg,OBJ025,2
OBJ025_bg_003.jpg,OBJ025,3
OBJ025_bg_004.jpg,OBJ025,4
OBJ025_bg_005.jpg,OBJ025,5
OBJ025_bg_006.jpg,OBJ025,6
OBJ026_bg_001.jpg,OBJ026,1
OBJ026_bg_002.jpg,OBJ026,2
OBJ026_bg_003.jpg,OBJ026,3
OBJ026_bg_004.jpg,OBJ026,4
OBJ026_bg_005.jpg,OBJ026,5
OBJ027_bg_001.jpg,OBJ027,1
OBJ027_bg_002.jpg,OBJ027,2
OBJ027_bg_003.jpg,OBJ027,3
OBJ027_bg_004.jpg,OBJ027,4
OBJ027_bg_005.jpg,OBJ027,5
OBJ028_bg_001.jpg,OBJ028,1
OBJ028_bg_002.jpg,OBJ028,2
OBJ028_bg_003.jpg,OBJ028,3
OBJ028_bg_004.jpg,OBJ028,4
OBJ028_bg_005.jpg,OBJ028,5
OBJ029_bg_001.jpg,OBJ029,1
OBJ029_bg_002.jpg,OBJ029,2
OBJ029_bg_003.jpg,OBJ029,3
OBJ029_bg_004.jpg,OBJ029,4
OBJ029_bg_005.jpg,OBJ029,5
OBJ030_bg_001.jpg,OBJ030,1
OBJ030_bg_002.jpg,OBJ030,2
OBJ030_bg_003.jpg,OBJ030,3
OBJ030_bg_004.jpg,OBJ030,4
OBJ030_bg_005.jpg,OBJ030,5
OBJ031_bg_001.jpg,OBJ031,1
OBJ031_bg_002.jpg,OBJ031,2
OBJ031_bg_003.jpg,OBJ031,3
OBJ031_bg_004.jpg,OBJ031,4
OBJ031_bg_005.jpg,OBJ031,5
OBJ032_bg_01.jpg,OBJ032,1
OBJ032_bg_02.jpg,OBJ032,2
OBJ032_bg_03.jpg,OBJ032,3
OBJ032_bg_04.jpg,OBJ032,4
OBJ032_bg_05.jpg,OBJ032,5
OBJ033_bg_001.jpg,OBJ033,1
OBJ033_bg_002.jpg,OBJ033,2
OBJ033_bg_003.jpg,OBJ033,3
OBJ033_bg_004.jpg,OBJ033,4
OBJ033_bg_005.jpg,OBJ033,5
OBJ034_bg_001.jpg,OBJ034,1
OBJ034_bg_002.jpg,OBJ034,2
OBJ034_bg_003.jpg,OBJ034,3
OBJ034_bg_004.jpg,OBJ034,4
OBJ034_bg_005.jpg,OBJ034,5
OBJ035_bg_001.jpg,OBJ035,1
OBJ035_bg_002.jpg,OBJ035,2
OBJ035_bg_003.jpg,OBJ035,3
OBJ035_bg_004.jpg,OBJ035,4
OBJ035_bg_005.jpg,OBJ035,5
OBJ036_bg_001.jpg,OBJ036,1
OBJ036_bg_002.jpg,OBJ036,2
OBJ036_bg_003.jpg,OBJ036,3
OBJ036_bg_004.jpg,OBJ036,4
OBJ036_bg_005.jpg,OBJ036,5
OBJ037_bg_001.jpg,OBJ037,1
OBJ037_bg_002.jpg,OBJ037,2
OBJ037_bg_003.jpg,OBJ037,3
OBJ037_bg_004.jpg,OBJ037,4
OBJ037_bg_005.jpg,OBJ037,5
OBJ038_bg_001.jpg,OBJ038,1
OBJ038_bg_002.jpg,OBJ038,2
OBJ038_bg_003.jpg,OBJ038,3
OBJ038_bg_004.jpg,OBJ038,4
OBJ038_bg_005.jpg,OBJ038,5
OBJ039_bg_001.jpg,OBJ039,1
OBJ039_bg_002.jpg,OBJ039,2
OBJ039_bg_003.jpg,OBJ039,3
OBJ039_bg_004.jpg,OBJ039,4
OBJ039_bg_005.jpg,OBJ039,5
OBJ040_bg_001.JPG,OBJ040,1
OBJ040_bg_002.JPG,OBJ040,2
OBJ040_bg_003.JPG,OBJ040,3
OBJ040_bg_004.JPG,OBJ040,4
OBJ040_bg_005.JPG,OBJ040,5
OBJ041_bg_001.jpg,OBJ041,1
OBJ041_bg_002.jpg,OBJ041,2
OBJ041_bg_003.jpg,OBJ041,3
OBJ041_bg_004.jpg,OBJ041,4
OBJ041_bg_005.jpg,OBJ041,5
OBJ042_bg_001.jpg,OBJ042,1
OBJ042_bg_002.jpg,OBJ042,2
OBJ042_bg_003.jpg,OBJ042,3
OBJ042_bg_004.jpg,OBJ042,4
OBJ042_bg_005.jpg,OBJ042,5
OBJ043_bg_001.jpg,OBJ043,1
OBJ043_bg_002.jpg,OBJ043,2
OBJ043_bg_003.jpg,OBJ043,3
OBJ043_bg_004.jpg,OBJ043,4
OBJ043_bg_005.jpg,OBJ043,5
OBJ044_bg_001.jpg,OBJ044,1
OBJ044_bg_002.jpg,OBJ044,2
OBJ044_bg_003.jpg,OBJ044,3
OBJ044_bg_004.jpg,OBJ044,4
OBJ044_bg_005.jpg,OBJ044,5
OBJ045_bg_001.jpg,OBJ045,1
OBJ045_bg_002.jpg,OBJ045,2
OBJ045_bg_003.jpg,OBJ045,3
OBJ045_bg_004.jpg,OBJ045,4
OBJ045_bg_005.jpg,OBJ045,5
OBJ046_bg_001.jpg,OBJ046,1
OBJ046_bg_002.jpg,OBJ046,2
OBJ046_bg_003.jpg,OBJ046,3
OBJ046_bg_004.jpg,OBJ046,4
OBJ046_bg_005.jpg,OBJ046,5
OBJ047_bg_001.jpg,OBJ047,1
OBJ047_bg_002.jpg,OBJ047,2
OBJ047_bg_003.jpg,OBJ047,3
OBJ047_bg_004.jpg,OBJ047,4
OBJ047_bg_005.jpg,OBJ047,5
OBJ048_bg_001.jpg,OBJ048,1
OBJ048_bg_002.jpg,OBJ048,2
OBJ048_bg_003.jpg,OBJ048,3
OBJ048_bg_004.jpg,OBJ048,4
OBJ048_bg_005.jpg,OBJ048,5
OBJ049_bg_001.jpg,OBJ049,1
OBJ049_bg_002.jpg,OBJ049,2
OBJ049_bg_003.jpg,OBJ049,3
OBJ049_bg_004.jpg,OBJ049,4
OBJ049_bg_005.jpg,OBJ049,5
OBJ049_bg_006.jpg,OBJ049,6
OBJ050_bg_001.jpg,OBJ050,1
OBJ050_bg_002.jpg,OBJ050,2
OBJ050_bg_003.jpg,OBJ050,3
OBJ050_bg_004.jpg,OBJ050,4
OBJ050_bg_005.jpg,OBJ050,5
OBJ051_bg_001.jpg,OBJ051,1
OBJ051_bg_002.jpg,OBJ051,2
OBJ051_bg_003.jpg,OBJ051,3
OBJ051_bg_004.jpg,OBJ051,4
OBJ051_bg_005.jpg,OBJ051,5
OBJ052_bg_001.jpg,OBJ052,1
OBJ052_bg_002.jpg,OBJ052,2
OBJ052_bg_003.jpg,OBJ052,3
OBJ052_bg_004.jpg,OBJ052,4
OBJ052_bg_005.jpg,OBJ052,5
OBJ053_bg_001.jpg,OBJ053,1
OBJ053_bg_002.jpg,OBJ053,2
OBJ053_bg_003.jpg,OBJ053,3
OBJ053_bg_004.jpg,OBJ053,4
OBJ053_bg_005.jpg,OBJ053,5
OBJ053_bg_006.jpg,OBJ053,6
OBJ053_bg_007.jpg,OBJ053,7
OBJ053_bg_008.jpg,OBJ053,8
OBJ053_bg_009.jpg,OBJ053,9
OBJ053_bg_010.jpg,OBJ053,10
OBJ054_bg_001.jpg,OBJ054,1
OBJ054_bg_002.jpg,OBJ054,2
OBJ054_bg_003.jpg,OBJ054,3
OBJ054_bg_004.jpg,OBJ054,4
OBJ054_bg_005.jpg,OBJ054,5
OBJ055_bg_001.jpg,OBJ055,1
OBJ055_bg_002.jpg,OBJ055,2
OBJ055_bg_003.jpg,OBJ055,3
OBJ055_bg_004.jpg,OBJ055,4
OBJ055_bg_005.jpg,OBJ055,5
OBJ056_bg_001.jpg,OBJ056,1
OBJ056_bg_002.jpg,OBJ056,2
OBJ056_bg_003.jpg,OBJ056,3
OBJ056_bg_004.jpg,OBJ056,4
OBJ056_bg_005.jpg,OBJ056,5
OBJ057_bg_001.jpg,OBJ057,1
OBJ057_bg_002.jpg,OBJ057,2
OBJ057_bg_003.jpg,OBJ057,3
OBJ057_bg_004.jpg,OBJ057,4
OBJ057_bg_005.jpg,OBJ057,5
OBJ058_bg_001.jpg,OBJ058,1
OBJ058_bg_002.jpg,OBJ058,2
OBJ058_bg_003.jpg,OBJ058,3
OBJ058_bg_004.jpg,OBJ058,4
OBJ058_bg_005.jpg,OBJ058,5
OBJ059_bg_001.jpg,OBJ059,1
OBJ059_bg_002.jpg,OBJ059,2
OBJ059_bg_003.jpg,OBJ059,3
OBJ059_bg_004.jpg,OBJ059,4
OBJ059_bg_005.jpg,OBJ059,5
OBJ060_bg_001.JPG,OBJ060,1
OBJ060_bg_2.JPG,OBJ060,2
OBJ060_bg_3.JPG,OBJ060,3
OBJ060_bg_4.JPG,OBJ060,4
OBJ060_bg_5.JPG,OBJ060,5
OBJ061_bg_001.jpg,OBJ061,1
OBJ061_bg_002.jpg,OBJ061,2
OBJ061_bg_003.jpg,OBJ061,3
OBJ061_bg_004.jpg,OBJ061,4
OBJ061_bg_005.jpg,OBJ061,5
OBJ062_bg_001.jpg,OBJ062,1
OBJ062_bg_002.jpg,OBJ062,2
OBJ062_bg_003.jpg,OBJ062,3
OBJ062_bg_004.jpg,OBJ062,4
OBJ062_bg_005.jpg,OBJ062,5
OBJ063_bg_001.jpg,OBJ063,1
OBJ063_bg_002.jpg,OBJ063,2
OBJ063_bg_003.jpg,OBJ063,3
OBJ063_bg_004.jpg,OBJ063,4
OBJ063_bg_005.jpg,OBJ063,5
OBJ063_bg_006.jpg,OBJ063,6
OBJ064_bg_001.jpg,OBJ064,1
OBJ064_bg_002.jpg,OBJ064,2
OBJ064_bg_003.jpg,OBJ064,3
OBJ064_bg_004.jpg,OBJ064,4
OBJ064_bg_005.jpg,OBJ064,5
OBJ065_bg_001.jpg,OBJ065,1
OBJ065_bg_002.jpg,OBJ065,2
OBJ065_bg_003.jpg,OBJ065,3
OBJ065_bg_004.jpg,OBJ065,4
OBJ065_bg_005.jpg,OBJ065,5
OBJ066_bg_001.jpg,OBJ066,1
OBJ066_bg_002.jpg,OBJ066,2
OBJ066_bg_003.jpg,OBJ066,3
OBJ066_bg_004.jpg,OBJ066,4
OBJ066_bg_005.jpg,OBJ066,5
OBJ067_bg_001.jpeg,OBJ067,1
OBJ067_bg_002.jpeg,OBJ067,2
OBJ067_bg_003.jpeg,OBJ067,3
OBJ067_bg_004.jpeg,OBJ067,4
OBJ067_bg_005.jpeg,OBJ067,5
OBJ068_bg_001.jpg,OBJ068,1
OBJ068_bg_002.jpg,OBJ068,2
OBJ068_bg_003.jpg,OBJ068,3
OBJ068_bg_004.jpg,OBJ068,4
OBJ068_bg_005.jpg,OBJ068,5
OBJ069_bg_001.jpg,OBJ069,1
OBJ069_bg_002.jpg,OBJ069,2
OBJ069_bg_003.jpg,OBJ069,3
OBJ069_bg_004.jpg,OBJ069,4
OBJ069_bg_005.jpg,OBJ069,5
OBJ069_bg_006.jpg,OBJ069,6
OBJ069_bg_007.jpg,OBJ069,7
OBJ070_bg_001.jpg,OBJ070,1
OBJ070_bg_002.jpg,OBJ070,2
OBJ070_bg_003.jpg,OBJ070,3
OBJ070_bg_004.jpg,OBJ070,4
OBJ070_bg_005.jpg,OBJ070,5
OBJ071_bg_001.jpg,OBJ071,1
OBJ071_bg_002.jpg,OBJ071,2
OBJ071_bg_003.jpg,OBJ071,3
OBJ071_bg_004.jpg,OBJ071,4
OBJ071_bg_005.jpg,OBJ071,5
OBJ072_bg_01.jpg,OBJ072,1
OBJ072_bg_02.jpg,OBJ072,2
OBJ072_bg_03.jpg,OBJ072,3
OBJ072_bg_04.jpg,OBJ072,4
OBJ072_bg_05.jpg,OBJ072,5
OBJ073_bg_01.jpg,OBJ073,1
OBJ073_bg_02.jpg,OBJ073,2
OBJ073_bg_03.jpg,OBJ073,3
OBJ073_bg_04.jpg,OBJ073,4
OBJ073_bg_05.jpg,OBJ073,5
