fname,class_name,oof_pred_name,self_conf,shot
OBJ061_019.jpg,OBJ061,OBJ059,5.428805557271581e-07,19
OBJ059_068.jpg,OBJ059,OBJ061,9.095156647805278e-05,68
OBJ054_017.jpg,OBJ054,OBJ048,0.0005686119987558892,17
OBJ038_060.jpg,OBJ038,OBJ061,0.000984543098505819,60
OBJ033_082.jpg,OBJ033,OBJ059,0.0018329629946882966,82
OBJ062_026.jpg,OBJ062,OBJ068,0.003924911215668544,26
OBJ038_053.jpg,OBJ038,OBJ071,0.00415133885964407,53
OBJ061_027.jpg,OBJ061,OBJ062,0.00557921053230823,27
OBJ054_005.jpg,OBJ054,OBJ022,0.0063876451197932395,5
OBJ066_017.jpg,OBJ066,OBJ005,0.006717085590537587,17
OBJ013_084.jpg,OBJ013,OBJ034,0.006932786229501321,84
OBJ025_059.jpg,OBJ025,OBJ061,0.011440535368189491,59
OBJ037_035.jpg,OBJ037,OBJ036,0.011546131328969728,35
OBJ030_056.jpg,OBJ030,OBJ031,0.011599030244604711,56
OBJ042_044.jpg,OBJ042,OBJ027,0.01205712920691048,44
OBJ045_095.jpg,OBJ045,OBJ013,0.0146794309960878,95
OBJ070_032.jpg,OBJ070,OBJ005,0.01632158168006868,32
sunglasses_001.jpeg,OBJ014,OBJ045,0.016647353627242168,1
OBJ017_016.jpg,OBJ017,OBJ016,0.017251050837582535,16
OBJ013_077.jpg,OBJ013,OBJ061,0.017672379720694187,77
OBJ061_033.jpg,OBJ061,OBJ059,0.017685607739244456,33
OBJ013_026.jpg,OBJ013,OBJ012,0.018776620417419287,26
OBJ026_088.jpg,OBJ026,OBJ015,0.024085095398099124,88
OBJ061_042.jpg,OBJ061,OBJ059,0.025304606260783683,42
OBJ065_018.jpg,OBJ065,OBJ036,0.02544951516468062,18
OBJ062_024.jpg,OBJ062,OBJ068,0.0274413298937466,24
OBJ029_050.jpg,OBJ029,OBJ014,0.032632160306270475,50
OBJ012_050.jpg,OBJ012,OBJ038,0.03302483209945354,50
OBJ061_076.jpg,OBJ061,OBJ026,0.03313580350523508,76
OBJ034_026.jpg,OBJ034,OBJ060,0.03333017079425931,26
OBJ061_089.jpg,OBJ061,OBJ059,0.035012629387998345,89
OBJ042_032.jpg,OBJ042,OBJ003,0.03804897034583311,32
OBJ061_088.jpg,OBJ061,OBJ059,0.03917798890447406,88
OBJ012_002.jpg,OBJ012,OBJ016,0.04268609533353419,2
OBJ038_091.jpg,OBJ038,OBJ049,0.04322842766868965,91
OBJ027_079.jpg,OBJ027,OBJ022,0.045149501406529145,79
OBJ034_095.jpg,OBJ034,OBJ062,0.049765904654428796,95
OBJ068_059.jpg,OBJ068,OBJ005,0.05006115731991274,59
OBJ059_074.jpg,OBJ059,OBJ061,0.06149985170466889,74
OBJ061_028.jpg,OBJ061,OBJ059,0.06342396663052656,28
OBJ057_090.jpg,OBJ057,OBJ041,0.06385338278492864,90
OBJ061_022.jpg,OBJ061,OBJ034,0.06633159766653746,22
OBJ044_078.jpg,OBJ044,OBJ011,0.06641703229631146,78
OBJ017_041.jpg,OBJ017,OBJ064,0.06758008122866714,41
OBJ045_059.jpg,OBJ045,OBJ058,0.07289733169477317,59
OBJ061_048.jpg,OBJ061,OBJ059,0.07402869314898733,48
OBJ004_007.jpg,OBJ004,OBJ003,0.07651376349086421,7
OBJ037_053.jpg,OBJ037,OBJ027,0.08068884588643183,53
OBJ023_037.JPG,OBJ023,OBJ054,0.08261628808434472,37
OBJ017_086.jpg,OBJ017,OBJ045,0.08532260979481628,86
OBJ061_087.jpg,OBJ061,OBJ059,0.0860928241252825,87
OBJ013_093.jpg,OBJ013,OBJ068,0.09705014798381441,93
OBJ053_006.jpg,OBJ053,OBJ063,0.1036038052591925,6
OBJ066_026.jpg,OBJ066,OBJ051,0.1081300854320415,26
OBJ005_055.jpg,OBJ005,OBJ065,0.11020321068271188,55
OBJ046_089.jpg,OBJ046,OBJ063,0.11652100140251229,89
OBJ038_089.jpg,OBJ038,OBJ061,0.11676627234642613,89
OBJ013_085.jpg,OBJ013,OBJ003,0.11804047032060626,85
OBJ037_027.jpg,OBJ037,OBJ056,0.12082392108014738,27
OBJ033_084.jpg,OBJ033,OBJ031,0.12607418938681406,84
OBJ064_036.jpg,OBJ064,OBJ037,0.12661151651544603,36
OBJ069_060.jpg,OBJ069,OBJ020,0.13208911137920493,60
OBJ013_040.jpg,OBJ013,OBJ055,0.13415426398123662,40
OBJ064_019.jpg,OBJ064,OBJ068,0.13524343431368185,19
OBJ004_073.jpg,OBJ004,OBJ017,0.13543663784116167,73
OBJ063_048.jpg,OBJ063,OBJ052,0.13548028751952543,48
OBJ009_007.jpg,OBJ009,OBJ016,0.13917141536173863,7
OBJ013_021.jpg,OBJ013,OBJ063,0.14352254442063989,21
OBJ013_094.jpg,OBJ013,OBJ004,0.14638404405637628,94
OBJ037_029.jpg,OBJ037,OBJ020,0.1478622821538683,29
OBJ063_007.jpg,OBJ063,OBJ063,0.15152168713613948,7
OBJ004_023.jpg,OBJ004,OBJ013,0.1564454659624967,23
OBJ061_072.jpg,OBJ061,OBJ039,0.1586065086956244,72
OBJ013_074.jpg,OBJ013,OBJ024,0.16183066026774243,74
OBJ005_032.jpg,OBJ005,OBJ038,0.16376785377526779,32
OBJ034_017.jpg,OBJ034,OBJ034,0.16830118983618791,17
OBJ020_019.jpg,OBJ020,OBJ007,0.17543413616001077,19
OBJ003_022.jpg,OBJ003,OBJ003,0.17996556616508214,22
OBJ042_014.jpg,OBJ042,OBJ032,0.18056720261481574,14
OBJ013_054.jpg,OBJ013,OBJ064,0.18135499482261805,54
OBJ059_061.jpg,OBJ059,OBJ061,0.183983242254124,61
OBJ054_027.jpg,OBJ054,OBJ056,0.18800256253003725,27
OBJ036_055.jpg,OBJ036,OBJ036,0.18991236666981903,55
OBJ062_008.jpg,OBJ062,OBJ014,0.1906159597292722,8
OBJ030_080.jpg,OBJ030,OBJ030,0.19151291823286415,80
OBJ017_099.jpg,OBJ017,OBJ063,0.19212990440211386,99
OBJ034_072.jpg,OBJ034,OBJ036,0.1973500835761562,72
OBJ013_069.jpg,OBJ013,OBJ063,0.20061433133831158,69
OBJ013_080.jpg,OBJ013,OBJ062,0.20567101372535934,80
OBJ012_090.jpg,OBJ012,OBJ013,0.2095638476949538,90
OBJ038_029.jpg,OBJ038,OBJ038,0.21110308300981595,29
OBJ012_051.jpg,OBJ012,OBJ061,0.21377079578981673,51
OBJ061_095.jpg,OBJ061,OBJ061,0.21685887726540845,95
OBJ045_083.jpg,OBJ045,OBJ045,0.22017967096170757,83
OBJ049_052.jpg,OBJ049,OBJ004,0.22246665849672997,52
OBJ023_021.JPG,OBJ023,OBJ043,0.22265446106976075,21
OBJ061_025.jpg,OBJ061,OBJ061,0.22386760743641526,25
OBJ023_041.JPG,OBJ023,OBJ061,0.22444219924583925,41
OBJ012_060.jpg,OBJ012,OBJ012,0.22582601482945378,60
sunglasses_061.jpeg,OBJ014,OBJ071,0.22661940742924255,61
