,precision,recall,f1-score,support
OBJ014,1.0,0.8571428571428571,0.9230769230769231,14.0
OBJ061,1.0,0.8571428571428571,0.9230769230769231,14.0
OBJ059,0.875,1.0,0.9333333333333333,14.0
OBJ012,1.0,0.9285714285714286,0.9629629629629629,14.0
OBJ054,1.0,0.9333333333333333,0.9655172413793104,15.0
OBJ045,0.9333333333333333,1.0,0.9655172413793104,14.0
OBJ064,0.9333333333333333,1.0,0.9655172413793104,14.0
OBJ004,0.9375,1.0,0.967741935483871,15.0
OBJ003,0.9375,1.0,0.967741935483871,15.0
OBJ008,1.0,1.0,1.0,14.0
OBJ010,1.0,1.0,1.0,14.0
OBJ007,1.0,1.0,1.0,14.0
OBJ005,1.0,1.0,1.0,15.0
OBJ006,1.0,1.0,1.0,14.0
OBJ002,1.0,1.0,1.0,15.0
OBJ001,1.0,1.0,1.0,14.0
OBJ017,1.0,1.0,1.0,16.0
OBJ018,1.0,1.0,1.0,15.0
OBJ019,1.0,1.0,1.0,14.0
OBJ020,1.0,1.0,1.0,14.0
OBJ021,1.0,1.0,1.0,14.0
OBJ022,1.0,1.0,1.0,14.0
OBJ023,1.0,1.0,1.0,13.0
OBJ024,1.0,1.0,1.0,14.0
OBJ025,1.0,1.0,1.0,14.0
OBJ026,1.0,1.0,1.0,14.0
OBJ027,1.0,1.0,1.0,14.0
OBJ009,1.0,1.0,1.0,14.0
OBJ011,1.0,1.0,1.0,14.0
OBJ013,1.0,1.0,1.0,14.0
OBJ015,1.0,1.0,1.0,14.0
OBJ016,1.0,1.0,1.0,15.0
OBJ032,1.0,1.0,1.0,15.0
OBJ031,1.0,1.0,1.0,15.0
OBJ030,1.0,1.0,1.0,14.0
OBJ029,1.0,1.0,1.0,14.0
OBJ028,1.0,1.0,1.0,15.0
OBJ033,1.0,1.0,1.0,14.0
OBJ035,1.0,1.0,1.0,15.0
OBJ034,1.0,1.0,1.0,14.0
OBJ040,1.0,1.0,1.0,15.0
OBJ041,1.0,1.0,1.0,14.0
OBJ043,1.0,1.0,1.0,14.0
OBJ042,1.0,1.0,1.0,14.0
OBJ037,1.0,1.0,1.0,14.0
OBJ038,1.0,1.0,1.0,15.0
OBJ039,1.0,1.0,1.0,14.0
OBJ036,1.0,1.0,1.0,14.0
OBJ048,1.0,1.0,1.0,15.0
OBJ047,1.0,1.0,1.0,14.0
OBJ046,1.0,1.0,1.0,14.0
OBJ044,1.0,1.0,1.0,14.0
OBJ052,1.0,1.0,1.0,15.0
OBJ049,1.0,1.0,1.0,15.0
OBJ051,1.0,1.0,1.0,16.0
OBJ050,1.0,1.0,1.0,14.0
OBJ056,1.0,1.0,1.0,14.0
OBJ055,1.0,1.0,1.0,14.0
OBJ053,1.0,1.0,1.0,13.0
OBJ057,1.0,1.0,1.0,15.0
OBJ060,1.0,1.0,1.0,15.0
OBJ058,1.0,1.0,1.0,14.0
OBJ062,1.0,1.0,1.0,13.0
OBJ063,1.0,1.0,1.0,14.0
OBJ065,1.0,1.0,1.0,15.0
OBJ066,1.0,1.0,1.0,14.0
OBJ067,1.0,1.0,1.0,14.0
OBJ068,1.0,1.0,1.0,14.0
OBJ069,1.0,1.0,1.0,14.0
OBJ070,1.0,1.0,1.0,14.0
OBJ071,1.0,1.0,1.0,14.0
OBJ072,1.0,1.0,1.0,14.0
OBJ073,1.0,1.0,1.0,14.0
