class_name,train,val,test,total,train_%,val_%,test_%
OBJ001,67,14,14,95,70.5,14.7,14.7
OBJ002,66,14,15,95,69.5,14.7,15.8
OBJ003,66,14,15,95,69.5,14.7,15.8
OBJ004,70,15,15,100,70.0,15.0,15.0
OBJ005,69,15,15,99,69.7,15.2,15.2
OBJ006,67,14,14,95,70.5,14.7,14.7
OBJ007,67,14,14,95,70.5,14.7,14.7
OBJ008,67,14,14,95,70.5,14.7,14.7
OBJ009,67,14,14,95,70.5,14.7,14.7
OBJ010,67,14,14,95,70.5,14.7,14.7
OBJ011,65,14,14,93,69.9,15.1,15.1
OBJ012,67,14,14,95,70.5,14.7,14.7
OBJ013,66,14,14,94,70.2,14.9,14.9
OBJ014,65,14,14,93,69.9,15.1,15.1
OBJ015,67,14,14,95,70.5,14.7,14.7
OBJ016,66,14,15,95,69.5,14.7,15.8
OBJ017,74,16,16,106,69.8,15.1,15.1
OBJ018,66,14,15,95,69.5,14.7,15.8
OBJ019,67,14,14,95,70.5,14.7,14.7
OBJ020,67,14,14,95,70.5,14.7,14.7
OBJ021,66,15,14,95,69.5,15.8,14.7
OBJ022,66,14,14,94,70.2,14.9,14.9
OBJ023,62,14,13,89,69.7,15.7,14.6
OBJ024,66,15,14,95,69.5,15.8,14.7
OBJ025,66,14,14,94,70.2,14.9,14.9
OBJ026,67,14,14,95,70.5,14.7,14.7
OBJ027,67,14,14,95,70.5,14.7,14.7
OBJ028,66,14,15,95,69.5,14.7,15.8
OBJ029,66,14,14,94,70.2,14.9,14.9
OBJ030,67,14,14,95,70.5,14.7,14.7
OBJ031,66,14,15,95,69.5,14.7,15.8
OBJ032,66,14,15,95,69.5,14.7,15.8
OBJ033,66,15,14,95,69.5,15.8,14.7
OBJ034,66,15,14,95,69.5,15.8,14.7
OBJ035,66,14,15,95,69.5,14.7,15.8
OBJ036,67,14,14,95,70.5,14.7,14.7
OBJ037,66,15,14,95,69.5,15.8,14.7
OBJ038,66,14,15,95,69.5,14.7,15.8
OBJ039,67,14,14,95,70.5,14.7,14.7
OBJ040,66,14,15,95,69.5,14.7,15.8
OBJ041,67,14,14,95,70.5,14.7,14.7
OBJ042,67,14,14,95,70.5,14.7,14.7
OBJ043,66,15,14,95,69.5,15.8,14.7
OBJ044,67,14,14,95,70.5,14.7,14.7
OBJ045,67,14,14,95,70.5,14.7,14.7
OBJ046,66,15,14,95,69.5,15.8,14.7
OBJ047,67,14,14,95,70.5,14.7,14.7
OBJ048,66,14,15,95,69.5,14.7,15.8
OBJ049,69,15,15,99,69.7,15.2,15.2
OBJ050,66,15,14,95,69.5,15.8,14.7
OBJ051,73,16,16,105,69.5,15.2,15.2
OBJ052,66,14,15,95,69.5,14.7,15.8
OBJ053,63,14,13,90,70.0,15.6,14.4
OBJ054,66,14,15,95,69.5,14.7,15.8
OBJ055,66,15,14,95,69.5,15.8,14.7
OBJ056,67,14,14,95,70.5,14.7,14.7
OBJ057,66,14,15,95,69.5,14.7,15.8
OBJ058,66,15,14,95,69.5,15.8,14.7
OBJ059,67,14,14,95,70.5,14.7,14.7
OBJ060,66,14,15,95,69.5,14.7,15.8
OBJ061,67,14,14,95,70.5,14.7,14.7
OBJ062,64,14,13,91,70.3,15.4,14.3
OBJ063,66,14,14,94,70.2,14.9,14.9
OBJ064,67,14,14,95,70.5,14.7,14.7
OBJ065,66,14,15,95,69.5,14.7,15.8
OBJ066,66,14,14,94,70.2,14.9,14.9
OBJ067,67,14,14,95,70.5,14.7,14.7
OBJ068,66,15,14,95,69.5,15.8,14.7
OBJ069,65,14,14,93,69.9,15.1,15.1
OBJ070,67,14,14,95,70.5,14.7,14.7
OBJ071,67,14,14,95,70.5,14.7,14.7
OBJ072,67,14,14,95,70.5,14.7,14.7
OBJ073,66,15,14,95,69.5,15.8,14.7
