label,indexed,bg_removed,final
images_OBJ001,100,5,95
images_OBJ002,100,5,95
images_OBJ003,100,5,95
images_OBJ004,100,0,100
images_OBJ005,108,9,99
images_OBJ006,100,5,95
images_OBJ007,100,5,95
images_OBJ008,100,5,95
images_OBJ009,106,11,95
images_OBJ010,100,5,95
images_OBJ011,100,5,93
images_OBJ012,100,5,95
images_OBJ013,100,6,94
images_OBJ014,100,7,93
images_OBJ015,100,5,95
images_OBJ016,100,5,95
images_OBJ017,113,7,106
images_OBJ018,100,5,95
images_OBJ019,100,5,95
images_OBJ020,100,5,95
images_OBJ021,100,5,95
images_OBJ022,100,5,94
images_OBJ023,100,5,89
images_OBJ024,100,5,95
images_OBJ025,100,6,94
images_OBJ026,100,5,95
images_OBJ027,100,5,95
images_OBJ028,101,5,95
images_OBJ029,100,5,94
images_OBJ030,100,5,95
images_OBJ031,100,5,95
images_OBJ032,100,5,95
images_OBJ033,100,5,95
images_OBJ034,100,5,95
images_OBJ035,100,5,95
images_OBJ036,100,5,95
images_OBJ037,100,5,95
images_OBJ038,100,5,95
images_OBJ039,100,5,95
images_OBJ040,100,5,95
images_OBJ041,100,5,95
images_OBJ042,100,5,95
images_OBJ043,100,5,95
images_OBJ044,100,5,95
images_OBJ045,100,5,95
images_OBJ046,100,5,95
images_OBJ047,100,5,95
images_OBJ048,100,5,95
images_OBJ049,105,6,99
images_OBJ050,100,5,95
images_OBJ051,110,5,105
images_OBJ052,100,5,95
images_OBJ053,100,10,90
images_OBJ054,100,5,95
images_OBJ055,100,5,95
images_OBJ056,100,5,95
images_OBJ057,100,5,95
images_OBJ058,100,5,95
images_OBJ059,100,5,95
images_OBJ060,100,5,95
images_OBJ061,100,5,95
images_OBJ062,100,5,91
images_OBJ063,100,6,94
images_OBJ064,100,5,95
images_OBJ065,100,5,95
images_OBJ066,100,5,94
images_OBJ067,100,5,95
images_OBJ068,100,5,95
images_OBJ069,100,7,93
images_OBJ070,100,5,95
images_OBJ071,100,5,95
images_OBJ072,100,5,95
images_OBJ073,100,5,95
