model,split,path,fname,true,pred,confidence
A2_CustomCNN_w384,val,/content/data/IE7615 Deep Learning for AI/images_OBJ007/OBJ007_062.jpg,OBJ007_062.jpg,images_OBJ007,images_OBJ047,0.424
A2_CustomCNN_w384,val,/content/data/IE7615 Deep Learning for AI/images_OBJ070/OBJ070_032.jpg,OBJ070_032.jpg,images_OBJ070,images_OBJ025,0.359
A2_CustomCNN_w384,val,/content/data/IE7615 Deep Learning for AI/images_OBJ027/OBJ027_089.jpg,OBJ027_089.jpg,images_OBJ027,images_OBJ012,0.111
A2_CustomCNN_w384,val,/content/data/IE7615 Deep Learning for AI/images_OBJ013/OBJ013_088.jpg,OBJ013_088.jpg,images_OBJ013,images_OBJ067,0.147
A2_CustomCNN_w384,val,/content/data/IE7615 Deep Learning for AI/images_OBJ070/OBJ070_064.jpg,OBJ070_064.jpg,images_OBJ070,images_OBJ068,0.64
A2_CustomCNN_w384,val,/content/data/IE7615 Deep Learning for AI/images_OBJ046/OBJ046_049.jpg,OBJ046_049.jpg,images_OBJ046,images_OBJ059,0.314
A2_CustomCNN_w384,val,/content/data/IE7615 Deep Learning for AI/images_OBJ013/OBJ013_059.jpg,OBJ013_059.jpg,images_OBJ013,images_OBJ071,0.186
A2_CustomCNN_w384,val,/content/data/IE7615 Deep Learning for AI/images_OBJ050/OBJ050_021.jpg,OBJ050_021.jpg,images_OBJ050,images_OBJ004,0.227
A2_CustomCNN_w384,val,/content/data/IE7615 Deep Learning for AI/images_OBJ044/OBJ044_091.jpg,OBJ044_091.jpg,images_OBJ044,images_OBJ040,0.122
A2_CustomCNN_w384,val,/content/data/IE7615 Deep Learning for AI/images_OBJ016/OBJ016_061.jpg,OBJ016_061.jpg,images_OBJ016,images_OBJ013,0.108
A2_CustomCNN_w384,val,/content/data/IE7615 Deep Learning for AI/images_OBJ034/OBJ034_062.jpg,OBJ034_062.jpg,images_OBJ034,images_OBJ067,0.676
A2_CustomCNN_w384,val,/content/data/IE7615 Deep Learning for AI/images_OBJ036/OBJ036_094.jpg,OBJ036_094.jpg,images_OBJ036,images_OBJ031,0.225
A2_CustomCNN_w384,val,/content/data/IE7615 Deep Learning for AI/images_OBJ036/OBJ036_042.jpg,OBJ036_042.jpg,images_OBJ036,images_OBJ054,0.274
A2_CustomCNN_w384,val,/content/data/IE7615 Deep Learning for AI/images_OBJ003/OBJ003_019.jpg,OBJ003_019.jpg,images_OBJ003,images_OBJ004,0.263
A2_CustomCNN_w384,val,/content/data/IE7615 Deep Learning for AI/images_OBJ012/OBJ012_036.jpg,OBJ012_036.jpg,images_OBJ012,images_OBJ003,0.315
A2_CustomCNN_w384,val,/content/data/IE7615 Deep Learning for AI/images_OBJ068/OBJ068_095.jpg,OBJ068_095.jpg,images_OBJ068,images_OBJ061,0.103
A2_CustomCNN_w384,val,/content/data/IE7615 Deep Learning for AI/images_OBJ018/OBJ018_007.jpg,OBJ018_007.jpg,images_OBJ018,images_OBJ050,0.546
A2_CustomCNN_w384,val,/content/data/IE7615 Deep Learning for AI/images_OBJ015/OBJ015_088.jpg,OBJ015_088.jpg,images_OBJ015,images_OBJ012,0.411
A2_CustomCNN_w384,val,/content/data/IE7615 Deep Learning for AI/images_OBJ056/OBJ056_054.jpg,OBJ056_054.jpg,images_OBJ056,images_OBJ061,0.305
A2_CustomCNN_w384,val,/content/data/IE7615 Deep Learning for AI/images_OBJ038/OBJ038_089.jpg,OBJ038_089.jpg,images_OBJ038,images_OBJ035,0.235
A2_CustomCNN_w384,val,/content/data/IE7615 Deep Learning for AI/images_OBJ013/OBJ013_032.jpg,OBJ013_032.jpg,images_OBJ013,images_OBJ045,0.186
A2_CustomCNN_w384,val,/content/data/IE7615 Deep Learning for AI/images_OBJ061/OBJ061_022.jpg,OBJ061_022.jpg,images_OBJ061,images_OBJ014,0.723
A2_CustomCNN_w384,val,/content/data/IE7615 Deep Learning for AI/images_OBJ063/OBJ063_057.jpg,OBJ063_057.jpg,images_OBJ063,images_OBJ043,0.31
A2_CustomCNN_w384,val,/content/data/IE7615 Deep Learning for AI/images_OBJ048/OBJ048_078.jpg,OBJ048_078.jpg,images_OBJ048,images_OBJ067,0.838
A2_CustomCNN_w384,val,/content/data/IE7615 Deep Learning for AI/images_OBJ013/OBJ013_067.jpg,OBJ013_067.jpg,images_OBJ013,images_OBJ038,0.348
A2_CustomCNN_w384,val,/content/data/IE7615 Deep Learning for AI/images_OBJ003/OBJ003_009.jpg,OBJ003_009.jpg,images_OBJ003,images_OBJ059,0.244
A2_CustomCNN_w384,val,/content/data/IE7615 Deep Learning for AI/images_OBJ034/OBJ034_065.jpg,OBJ034_065.jpg,images_OBJ034,images_OBJ016,0.147
A2_CustomCNN_w384,val,/content/data/IE7615 Deep Learning for AI/images_OBJ038/OBJ038_066.jpg,OBJ038_066.jpg,images_OBJ038,images_OBJ001,0.112
A2_CustomCNN_w384,val,/content/data/IE7615 Deep Learning for AI/images_OBJ044/OBJ044_093.jpg,OBJ044_093.jpg,images_OBJ044,images_OBJ040,0.402
A2_CustomCNN_w384,val,/content/data/IE7615 Deep Learning for AI/images_OBJ070/OBJ070_042.jpg,OBJ070_042.jpg,images_OBJ070,images_OBJ068,0.249
A2_CustomCNN_w384,val,/content/data/IE7615 Deep Learning for AI/images_OBJ034/OBJ034_012.jpg,OBJ034_012.jpg,images_OBJ034,images_OBJ014,0.118
A2_CustomCNN_w384,val,/content/data/IE7615 Deep Learning for AI/images_OBJ052/OBJ052_034.jpg,OBJ052_034.jpg,images_OBJ052,images_OBJ025,0.345
A2_CustomCNN_w384,val,/content/data/IE7615 Deep Learning for AI/images_OBJ057/OBJ057_070.jpg,OBJ057_070.jpg,images_OBJ057,images_OBJ019,0.164
A2_CustomCNN_w384,val,/content/data/IE7615 Deep Learning for AI/images_OBJ057/OBJ057_061.jpg,OBJ057_061.jpg,images_OBJ057,images_OBJ006,0.118
A2_CustomCNN_w384,val,/content/data/IE7615 Deep Learning for AI/images_OBJ036/OBJ036_091.jpg,OBJ036_091.jpg,images_OBJ036,images_OBJ009,0.218
A2_CustomCNN_w384,val,/content/data/IE7615 Deep Learning for AI/images_OBJ059/OBJ059_055.jpg,OBJ059_055.jpg,images_OBJ059,images_OBJ061,0.706
A2_CustomCNN_w384,val,/content/data/IE7615 Deep Learning for AI/images_OBJ017/OBJ017_045.jpg,OBJ017_045.jpg,images_OBJ017,images_OBJ072,0.538
A2_CustomCNN_w384,val,/content/data/IE7615 Deep Learning for AI/images_OBJ059/OBJ059_046.jpg,OBJ059_046.jpg,images_OBJ059,images_OBJ042,0.552
A2_CustomCNN_w384,val,/content/data/IE7615 Deep Learning for AI/images_OBJ068/OBJ068_090.jpg,OBJ068_090.jpg,images_OBJ068,images_OBJ034,0.158
A2_CustomCNN_w384,val,/content/data/IE7615 Deep Learning for AI/images_OBJ017/OBJ017_086.jpg,OBJ017_086.jpg,images_OBJ017,images_OBJ025,0.251
A2_CustomCNN_w384,val,/content/data/IE7615 Deep Learning for AI/images_OBJ059/OBJ059_013.jpg,OBJ059_013.jpg,images_OBJ059,images_OBJ017,0.217
A2_CustomCNN_w384,val,/content/data/IE7615 Deep Learning for AI/images_OBJ016/OBJ016_062.jpg,OBJ016_062.jpg,images_OBJ016,images_OBJ061,0.251
A2_CustomCNN_w384,val,/content/data/IE7615 Deep Learning for AI/images_OBJ038/OBJ038_039.jpg,OBJ038_039.jpg,images_OBJ038,images_OBJ073,0.248
A2_CustomCNN_w384,val,/content/data/IE7615 Deep Learning for AI/images_OBJ020/OBJ020_012.jpg,OBJ020_012.jpg,images_OBJ020,images_OBJ063,0.367
A2_CustomCNN_w384,val,/content/data/IE7615 Deep Learning for AI/images_OBJ061/OBJ061_095.jpg,OBJ061_095.jpg,images_OBJ061,images_OBJ048,0.157
A2_CustomCNN_w384,val,/content/data/IE7615 Deep Learning for AI/images_OBJ061/OBJ061_033.jpg,OBJ061_033.jpg,images_OBJ061,images_OBJ059,0.859
A2_CustomCNN_w384,val,/content/data/IE7615 Deep Learning for AI/images_OBJ026/OBJ026_095.jpg,OBJ026_095.jpg,images_OBJ026,images_OBJ059,0.324
A2_CustomCNN_w384,val,/content/data/IE7615 Deep Learning for AI/images_OBJ038/OBJ038_060.jpg,OBJ038_060.jpg,images_OBJ038,images_OBJ068,0.167
A2_CustomCNN_w384,val,/content/data/IE7615 Deep Learning for AI/images_OBJ057/OBJ057_095.jpg,OBJ057_095.jpg,images_OBJ057,images_OBJ005,0.313
A2_CustomCNN_w384,val,/content/data/IE7615 Deep Learning for AI/images_OBJ018/OBJ018_002.jpg,OBJ018_002.jpg,images_OBJ018,images_OBJ055,0.124
A2_CustomCNN_w384,val,/content/data/IE7615 Deep Learning for AI/images_OBJ008/OBJ008_053.jpg,OBJ008_053.jpg,images_OBJ008,images_OBJ061,0.331
A2_CustomCNN_w384,val,/content/data/IE7615 Deep Learning for AI/images_OBJ023/OBJ023_037.JPG,OBJ023_037.JPG,images_OBJ023,images_OBJ034,0.165
A2_CustomCNN_w384,val,/content/data/IE7615 Deep Learning for AI/images_OBJ057/OBJ057_040.jpg,OBJ057_040.jpg,images_OBJ057,images_OBJ048,0.573
A2_CustomCNN_w384,val,/content/data/IE7615 Deep Learning for AI/images_OBJ037/OBJ037_048.jpg,OBJ037_048.jpg,images_OBJ037,images_OBJ027,0.323
A2_CustomCNN_w384,val,/content/data/IE7615 Deep Learning for AI/images_OBJ017/OBJ017_041.jpg,OBJ017_041.jpg,images_OBJ017,images_OBJ040,0.36
A2_CustomCNN_w384,val,/content/data/IE7615 Deep Learning for AI/images_OBJ014/sunglasses_075.jpeg,sunglasses_075.jpeg,images_OBJ014,images_OBJ058,0.249
A2_CustomCNN_w384,val,/content/data/IE7615 Deep Learning for AI/images_OBJ044/OBJ044_013.jpg,OBJ044_013.jpg,images_OBJ044,images_OBJ054,0.244
A2_CustomCNN_w384,val,/content/data/IE7615 Deep Learning for AI/images_OBJ058/OBJ058_018.jpg,OBJ058_018.jpg,images_OBJ058,images_OBJ014,0.205
A2_CustomCNN_w384,val,/content/data/IE7615 Deep Learning for AI/images_OBJ043/OBJ043_027.jpg,OBJ043_027.jpg,images_OBJ043,images_OBJ050,0.443
A2_CustomCNN_w384,val,/content/data/IE7615 Deep Learning for AI/images_OBJ039/OBJ039_086.jpg,OBJ039_086.jpg,images_OBJ039,images_OBJ014,0.367
A2_CustomCNN_w384,val,/content/data/IE7615 Deep Learning for AI/images_OBJ016/OBJ016_065.jpg,OBJ016_065.jpg,images_OBJ016,images_OBJ067,0.212
A2_CustomCNN_w384,val,/content/data/IE7615 Deep Learning for AI/images_OBJ036/OBJ036_092.jpg,OBJ036_092.jpg,images_OBJ036,images_OBJ072,0.313
A2_CustomCNN_w384,val,/content/data/IE7615 Deep Learning for AI/images_OBJ005/OBJ005_062.jpg,OBJ005_062.jpg,images_OBJ005,images_OBJ045,0.25
A2_CustomCNN_w384,val,/content/data/IE7615 Deep Learning for AI/images_OBJ049/OBJ049_045.jpg,OBJ049_045.jpg,images_OBJ049,images_OBJ028,0.397
A2_CustomCNN_w384,val,/content/data/IE7615 Deep Learning for AI/images_OBJ061/OBJ061_088.jpg,OBJ061_088.jpg,images_OBJ061,images_OBJ059,0.185
A2_CustomCNN_w384,val,/content/data/IE7615 Deep Learning for AI/images_OBJ060/OBJ060_53.JPG,OBJ060_53.JPG,images_OBJ060,images_OBJ034,0.65
A2_CustomCNN_w384,val,/content/data/IE7615 Deep Learning for AI/images_OBJ013/OBJ013_008.jpg,OBJ013_008.jpg,images_OBJ013,images_OBJ065,0.772
A2_CustomCNN_w384,val,/content/data/IE7615 Deep Learning for AI/images_OBJ016/OBJ016_012.jpg,OBJ016_012.jpg,images_OBJ016,images_OBJ049,0.398
A2_CustomCNN_w384,val,/content/data/IE7615 Deep Learning for AI/images_OBJ050/OBJ050_085.jpg,OBJ050_085.jpg,images_OBJ050,images_OBJ038,0.116
A2_CustomCNN_w384,val,/content/data/IE7615 Deep Learning for AI/images_OBJ062/OBJ062_019.jpg,OBJ062_019.jpg,images_OBJ062,images_OBJ046,0.312
A2_CustomCNN_w384,val,/content/data/IE7615 Deep Learning for AI/images_OBJ034/OBJ034_072.jpg,OBJ034_072.jpg,images_OBJ034,images_OBJ067,0.453
A2_CustomCNN_w384,val,/content/data/IE7615 Deep Learning for AI/images_OBJ052/OBJ052_012.jpg,OBJ052_012.jpg,images_OBJ052,images_OBJ004,0.369
A2_CustomCNN_w384,val,/content/data/IE7615 Deep Learning for AI/images_OBJ052/OBJ052_029.jpg,OBJ052_029.jpg,images_OBJ052,images_OBJ012,0.113
A2_CustomCNN_w384,val,/content/data/IE7615 Deep Learning for AI/images_OBJ052/OBJ052_011.jpg,OBJ052_011.jpg,images_OBJ052,images_OBJ038,0.249
A2_CustomCNN_w384,val,/content/data/IE7615 Deep Learning for AI/images_OBJ004/OBJ004_023.jpg,OBJ004_023.jpg,images_OBJ004,images_OBJ003,0.169
A2_CustomCNN_w384,val,/content/data/IE7615 Deep Learning for AI/images_OBJ044/OBJ044_023.jpg,OBJ044_023.jpg,images_OBJ044,images_OBJ054,0.459
A2_CustomCNN_w384,val,/content/data/IE7615 Deep Learning for AI/images_OBJ071/OBJ071_088.jpg,OBJ071_088.jpg,images_OBJ071,images_OBJ016,0.256
A2_CustomCNN_w384,val,/content/data/IE7615 Deep Learning for AI/images_OBJ034/OBJ034_083.jpg,OBJ034_083.jpg,images_OBJ034,images_OBJ009,0.157
A2_CustomCNN_w384,val,/content/data/IE7615 Deep Learning for AI/images_OBJ039/OBJ039_082.jpg,OBJ039_082.jpg,images_OBJ039,images_OBJ014,0.643
A2_CustomCNN_w384,val,/content/data/IE7615 Deep Learning for AI/images_OBJ005/OBJ005_019.jpg,OBJ005_019.jpg,images_OBJ005,images_OBJ025,0.496
A2_CustomCNN_w384,val,/content/data/IE7615 Deep Learning for AI/images_OBJ057/OBJ057_058.jpg,OBJ057_058.jpg,images_OBJ057,images_OBJ046,0.144
A2_CustomCNN_w384,val,/content/data/IE7615 Deep Learning for AI/images_OBJ039/OBJ039_015.jpg,OBJ039_015.jpg,images_OBJ039,images_OBJ003,0.158
A2_CustomCNN_w384,val,/content/data/IE7615 Deep Learning for AI/images_OBJ037/OBJ037_055.jpg,OBJ037_055.jpg,images_OBJ037,images_OBJ020,0.235
A2_CustomCNN_w384,val,/content/data/IE7615 Deep Learning for AI/images_OBJ016/OBJ016_084.jpg,OBJ016_084.jpg,images_OBJ016,images_OBJ073,0.212
A2_CustomCNN_w384,val,/content/data/IE7615 Deep Learning for AI/images_OBJ034/OBJ034_082.jpg,OBJ034_082.jpg,images_OBJ034,images_OBJ047,0.307
A2_CustomCNN_w384,val,/content/data/IE7615 Deep Learning for AI/images_OBJ038/OBJ038_088.jpg,OBJ038_088.jpg,images_OBJ038,images_OBJ006,0.673
A2_CustomCNN_w384,val,/content/data/IE7615 Deep Learning for AI/images_OBJ037/OBJ037_041.jpg,OBJ037_041.jpg,images_OBJ037,images_OBJ054,0.551
A2_CustomCNN_w384,val,/content/data/IE7615 Deep Learning for AI/images_OBJ020/OBJ020_060.jpg,OBJ020_060.jpg,images_OBJ020,images_OBJ040,0.175
A2_CustomCNN_w384,val,/content/data/IE7615 Deep Learning for AI/images_OBJ013/OBJ013_034.jpg,OBJ013_034.jpg,images_OBJ013,images_OBJ012,0.76
A2_CustomCNN_w384,val,/content/data/IE7615 Deep Learning for AI/images_OBJ068/OBJ068_069.jpg,OBJ068_069.jpg,images_OBJ068,images_OBJ013,0.135
A2_CustomCNN_w384,val,/content/data/IE7615 Deep Learning for AI/images_OBJ068/OBJ068_060.jpg,OBJ068_060.jpg,images_OBJ068,images_OBJ015,0.684
A2_CustomCNN_w384,val,/content/data/IE7615 Deep Learning for AI/images_OBJ004/OBJ004_017.jpg,OBJ004_017.jpg,images_OBJ004,images_OBJ042,0.505
A2_CustomCNN_w384,val,/content/data/IE7615 Deep Learning for AI/images_OBJ057/OBJ057_063.jpg,OBJ057_063.jpg,images_OBJ057,images_OBJ004,0.186
A2_CustomCNN_w384,val,/content/data/IE7615 Deep Learning for AI/images_OBJ065/OBJ065_076.jpg,OBJ065_076.jpg,images_OBJ065,images_OBJ059,0.213
A2_CustomCNN_w384,val,/content/data/IE7615 Deep Learning for AI/images_OBJ011/OBJ011_005.jpg,OBJ011_005.jpg,images_OBJ011,images_OBJ034,0.475
A2_CustomCNN_w384,val,/content/data/IE7615 Deep Learning for AI/images_OBJ042/OBJ042_055.jpg,OBJ042_055.jpg,images_OBJ042,images_OBJ017,0.234
A2_CustomCNN_w384,val,/content/data/IE7615 Deep Learning for AI/images_OBJ068/OBJ068_059.jpg,OBJ068_059.jpg,images_OBJ068,images_OBJ052,0.15
A2_CustomCNN_w384,val,/content/data/IE7615 Deep Learning for AI/images_OBJ057/OBJ057_016.jpg,OBJ057_016.jpg,images_OBJ057,images_OBJ056,0.339
A2_CustomCNN_w384,val,/content/data/IE7615 Deep Learning for AI/images_OBJ068/OBJ068_089.jpg,OBJ068_089.jpg,images_OBJ068,images_OBJ034,0.124
A2_CustomCNN_w384,val,/content/data/IE7615 Deep Learning for AI/images_OBJ016/OBJ016_063.jpg,OBJ016_063.jpg,images_OBJ016,images_OBJ061,0.366
A2_CustomCNN_w384,val,/content/data/IE7615 Deep Learning for AI/images_OBJ009/OBJ009_061.jpg,OBJ009_061.jpg,images_OBJ009,images_OBJ067,0.577
A2_CustomCNN_w384,val,/content/data/IE7615 Deep Learning for AI/images_OBJ057/OBJ057_037.jpg,OBJ057_037.jpg,images_OBJ057,images_OBJ045,0.178
A2_CustomCNN_w384,val,/content/data/IE7615 Deep Learning for AI/images_OBJ057/OBJ057_013.jpg,OBJ057_013.jpg,images_OBJ057,images_OBJ004,0.205
A2_CustomCNN_w384,val,/content/data/IE7615 Deep Learning for AI/images_OBJ065/OBJ065_078.jpg,OBJ065_078.jpg,images_OBJ065,images_OBJ031,0.251
A2_CustomCNN_w384,val,/content/data/IE7615 Deep Learning for AI/images_OBJ035/OBJ035_010.jpg,OBJ035_010.jpg,images_OBJ035,images_OBJ034,0.271
A2_CustomCNN_w384,val,/content/data/IE7615 Deep Learning for AI/images_OBJ016/OBJ016_015.jpg,OBJ016_015.jpg,images_OBJ016,images_OBJ066,0.215
A2_CustomCNN_w384,test,/content/data/IE7615 Deep Learning for AI/images_OBJ052/OBJ052_019.jpg,OBJ052_019.jpg,images_OBJ052,images_OBJ024,0.305
A2_CustomCNN_w384,test,/content/data/IE7615 Deep Learning for AI/images_OBJ063/OBJ063_007.jpg,OBJ063_007.jpg,images_OBJ063,images_OBJ012,0.347
A2_CustomCNN_w384,test,/content/data/IE7615 Deep Learning for AI/images_OBJ030/OBJ030_056.jpg,OBJ030_056.jpg,images_OBJ030,images_OBJ058,0.136
A2_CustomCNN_w384,test,/content/data/IE7615 Deep Learning for AI/images_OBJ038/OBJ038_008.jpg,OBJ038_008.jpg,images_OBJ038,images_OBJ068,0.105
A2_CustomCNN_w384,test,/content/data/IE7615 Deep Learning for AI/images_OBJ016/OBJ016_014.jpg,OBJ016_014.jpg,images_OBJ016,images_OBJ066,0.252
A2_CustomCNN_w384,test,/content/data/IE7615 Deep Learning for AI/images_OBJ033/OBJ033_084.jpg,OBJ033_084.jpg,images_OBJ033,images_OBJ061,0.206
A2_CustomCNN_w384,test,/content/data/IE7615 Deep Learning for AI/images_OBJ034/OBJ034_025.jpg,OBJ034_025.jpg,images_OBJ034,images_OBJ011,0.177
A2_CustomCNN_w384,test,/content/data/IE7615 Deep Learning for AI/images_OBJ017/OBJ017_058.jpg,OBJ017_058.jpg,images_OBJ017,images_OBJ009,0.507
A2_CustomCNN_w384,test,/content/data/IE7615 Deep Learning for AI/images_OBJ052/OBJ052_071.jpg,OBJ052_071.jpg,images_OBJ052,images_OBJ036,0.2
A2_CustomCNN_w384,test,/content/data/IE7615 Deep Learning for AI/images_OBJ044/OBJ044_092.jpg,OBJ044_092.jpg,images_OBJ044,images_OBJ040,0.174
A2_CustomCNN_w384,test,/content/data/IE7615 Deep Learning for AI/images_OBJ034/OBJ034_017.jpg,OBJ034_017.jpg,images_OBJ034,images_OBJ003,0.139
A2_CustomCNN_w384,test,/content/data/IE7615 Deep Learning for AI/images_OBJ013/OBJ013_001.jpg,OBJ013_001.jpg,images_OBJ013,images_OBJ049,0.256
A2_CustomCNN_w384,test,/content/data/IE7615 Deep Learning for AI/images_OBJ038/OBJ038_090.jpg,OBJ038_090.jpg,images_OBJ038,images_OBJ036,0.152
A2_CustomCNN_w384,test,/content/data/IE7615 Deep Learning for AI/images_OBJ023/OBJ023_027.JPG,OBJ023_027.JPG,images_OBJ023,images_OBJ004,0.761
A2_CustomCNN_w384,test,/content/data/IE7615 Deep Learning for AI/images_OBJ057/OBJ057_032.jpg,OBJ057_032.jpg,images_OBJ057,images_OBJ064,0.186
A2_CustomCNN_w384,test,/content/data/IE7615 Deep Learning for AI/images_OBJ017/OBJ017_067.jpg,OBJ017_067.jpg,images_OBJ017,images_OBJ004,0.776
A2_CustomCNN_w384,test,/content/data/IE7615 Deep Learning for AI/images_OBJ039/OBJ039_056.jpg,OBJ039_056.jpg,images_OBJ039,images_OBJ025,0.263
A2_CustomCNN_w384,test,/content/data/IE7615 Deep Learning for AI/images_OBJ005/OBJ005_095.jpg,OBJ005_095.jpg,images_OBJ005,images_OBJ047,0.244
A2_CustomCNN_w384,test,/content/data/IE7615 Deep Learning for AI/images_OBJ062/OBJ062_079.jpg,OBJ062_079.jpg,images_OBJ062,images_OBJ058,0.143
A2_CustomCNN_w384,test,/content/data/IE7615 Deep Learning for AI/images_OBJ056/OBJ056_095.jpg,OBJ056_095.jpg,images_OBJ056,images_OBJ031,0.515
A2_CustomCNN_w384,test,/content/data/IE7615 Deep Learning for AI/images_OBJ061/OBJ061_020.jpg,OBJ061_020.jpg,images_OBJ061,images_OBJ059,0.811
A2_CustomCNN_w384,test,/content/data/IE7615 Deep Learning for AI/images_OBJ060/OBJ060_95.JPG,OBJ060_95.JPG,images_OBJ060,images_OBJ034,0.671
A2_CustomCNN_w384,test,/content/data/IE7615 Deep Learning for AI/images_OBJ017/OBJ017_048.jpg,OBJ017_048.jpg,images_OBJ017,images_OBJ045,0.392
A2_CustomCNN_w384,test,/content/data/IE7615 Deep Learning for AI/images_OBJ017/OBJ017_070.jpg,OBJ017_070.jpg,images_OBJ017,images_OBJ004,0.352
A2_CustomCNN_w384,test,/content/data/IE7615 Deep Learning for AI/images_OBJ027/OBJ027_077.jpg,OBJ027_077.jpg,images_OBJ027,images_OBJ006,0.176
A2_CustomCNN_w384,test,/content/data/IE7615 Deep Learning for AI/images_OBJ066/OBJ066_033.jpg,OBJ066_033.jpg,images_OBJ066,images_OBJ055,0.349
A2_CustomCNN_w384,test,/content/data/IE7615 Deep Learning for AI/images_OBJ014/sunglasses_087.jpeg,sunglasses_087.jpeg,images_OBJ014,images_OBJ060,0.444
A2_CustomCNN_w384,test,/content/data/IE7615 Deep Learning for AI/images_OBJ036/OBJ036_088.jpg,OBJ036_088.jpg,images_OBJ036,images_OBJ065,0.408
A2_CustomCNN_w384,test,/content/data/IE7615 Deep Learning for AI/images_OBJ028/OBJ028_056.jpg,OBJ028_056.jpg,images_OBJ028,images_OBJ072,0.127
A2_CustomCNN_w384,test,/content/data/IE7615 Deep Learning for AI/images_OBJ014/sunglasses_041.jpeg,sunglasses_041.jpeg,images_OBJ014,images_OBJ012,0.186
A2_CustomCNN_w384,test,/content/data/IE7615 Deep Learning for AI/images_OBJ042/OBJ042_044.jpg,OBJ042_044.jpg,images_OBJ042,images_OBJ027,0.571
A2_CustomCNN_w384,test,/content/data/IE7615 Deep Learning for AI/images_OBJ068/OBJ068_020.jpg,OBJ068_020.jpg,images_OBJ068,images_OBJ067,0.51
A2_CustomCNN_w384,test,/content/data/IE7615 Deep Learning for AI/images_OBJ013/OBJ013_081.jpg,OBJ013_081.jpg,images_OBJ013,images_OBJ012,0.509
A2_CustomCNN_w384,test,/content/data/IE7615 Deep Learning for AI/images_OBJ050/OBJ050_087.jpg,OBJ050_087.jpg,images_OBJ050,images_OBJ069,0.282
A2_CustomCNN_w384,test,/content/data/IE7615 Deep Learning for AI/images_OBJ038/OBJ038_061.jpg,OBJ038_061.jpg,images_OBJ038,images_OBJ016,0.337
A2_CustomCNN_w384,test,/content/data/IE7615 Deep Learning for AI/images_OBJ057/OBJ057_035.jpg,OBJ057_035.jpg,images_OBJ057,images_OBJ045,0.429
A2_CustomCNN_w384,test,/content/data/IE7615 Deep Learning for AI/images_OBJ017/OBJ017_005.jpg,OBJ017_005.jpg,images_OBJ017,images_OBJ048,0.302
A2_CustomCNN_w384,test,/content/data/IE7615 Deep Learning for AI/images_OBJ052/OBJ052_053.jpg,OBJ052_053.jpg,images_OBJ052,images_OBJ055,0.405
A2_CustomCNN_w384,test,/content/data/IE7615 Deep Learning for AI/images_OBJ028/OBJ028_094.jpg,OBJ028_094.jpg,images_OBJ028,images_OBJ006,0.366
A2_CustomCNN_w384,test,/content/data/IE7615 Deep Learning for AI/images_OBJ068/OBJ068_014.jpg,OBJ068_014.jpg,images_OBJ068,images_OBJ016,0.139
A2_CustomCNN_w384,test,/content/data/IE7615 Deep Learning for AI/images_OBJ040/OBJ040_046.JPG,OBJ040_046.JPG,images_OBJ040,images_OBJ014,0.44
A2_CustomCNN_w384,test,/content/data/IE7615 Deep Learning for AI/images_OBJ001/OBJ001_036.jpg,OBJ001_036.jpg,images_OBJ001,images_OBJ040,0.195
A2_CustomCNN_w384,test,/content/data/IE7615 Deep Learning for AI/images_OBJ013/OBJ013_084.jpg,OBJ013_084.jpg,images_OBJ013,images_OBJ034,0.389
A2_CustomCNN_w384,test,/content/data/IE7615 Deep Learning for AI/images_OBJ013/OBJ013_074.jpg,OBJ013_074.jpg,images_OBJ013,images_OBJ061,0.555
A2_CustomCNN_w384,test,/content/data/IE7615 Deep Learning for AI/images_OBJ034/OBJ034_046.jpg,OBJ034_046.jpg,images_OBJ034,images_OBJ048,0.405
A2_CustomCNN_w384,test,/content/data/IE7615 Deep Learning for AI/images_OBJ036/OBJ036_095.jpg,OBJ036_095.jpg,images_OBJ036,images_OBJ009,0.303
A2_CustomCNN_w384,test,/content/data/IE7615 Deep Learning for AI/images_OBJ057/OBJ057_024.jpg,OBJ057_024.jpg,images_OBJ057,images_OBJ003,0.337
A2_CustomCNN_w384,test,/content/data/IE7615 Deep Learning for AI/images_OBJ013/OBJ013_038.jpg,OBJ013_038.jpg,images_OBJ013,images_OBJ067,0.239
A2_CustomCNN_w384,test,/content/data/IE7615 Deep Learning for AI/images_OBJ068/OBJ068_049.jpg,OBJ068_049.jpg,images_OBJ068,images_OBJ072,0.231
A2_CustomCNN_w384,test,/content/data/IE7615 Deep Learning for AI/images_OBJ068/OBJ068_035.jpg,OBJ068_035.jpg,images_OBJ068,images_OBJ071,0.177
A2_CustomCNN_w384,test,/content/data/IE7615 Deep Learning for AI/images_OBJ017/OBJ017_069.jpg,OBJ017_069.jpg,images_OBJ017,images_OBJ004,0.565
A2_CustomCNN_w384,test,/content/data/IE7615 Deep Learning for AI/images_OBJ057/OBJ057_059.jpg,OBJ057_059.jpg,images_OBJ057,images_OBJ046,0.076
A2_CustomCNN_w384,test,/content/data/IE7615 Deep Learning for AI/images_OBJ070/OBJ070_059.jpg,OBJ070_059.jpg,images_OBJ070,images_OBJ043,0.223
A2_CustomCNN_w384,test,/content/data/IE7615 Deep Learning for AI/images_OBJ061/OBJ061_056.jpg,OBJ061_056.jpg,images_OBJ061,images_OBJ003,0.133
A2_CustomCNN_w384,test,/content/data/IE7615 Deep Learning for AI/images_OBJ068/OBJ068_082.jpg,OBJ068_082.jpg,images_OBJ068,images_OBJ031,0.095
A2_CustomCNN_w384,test,/content/data/IE7615 Deep Learning for AI/images_OBJ042/OBJ042_086.jpg,OBJ042_086.jpg,images_OBJ042,images_OBJ064,0.348
A2_CustomCNN_w384,test,/content/data/IE7615 Deep Learning for AI/images_OBJ038/OBJ038_013.jpg,OBJ038_013.jpg,images_OBJ038,images_OBJ041,0.198
A2_CustomCNN_w384,test,/content/data/IE7615 Deep Learning for AI/images_OBJ005/OBJ005_022.jpg,OBJ005_022.jpg,images_OBJ005,images_OBJ025,0.286
A2_CustomCNN_w384,test,/content/data/IE7615 Deep Learning for AI/images_OBJ037/OBJ037_064.jpg,OBJ037_064.jpg,images_OBJ037,images_OBJ051,0.25
A2_CustomCNN_w384,test,/content/data/IE7615 Deep Learning for AI/images_OBJ004/OBJ004_024.jpg,OBJ004_024.jpg,images_OBJ004,images_OBJ017,0.279
A2_CustomCNN_w384,test,/content/data/IE7615 Deep Learning for AI/images_OBJ033/OBJ033_082.jpg,OBJ033_082.jpg,images_OBJ033,images_OBJ061,0.429
A2_CustomCNN_w384,test,/content/data/IE7615 Deep Learning for AI/images_OBJ037/OBJ037_053.jpg,OBJ037_053.jpg,images_OBJ037,images_OBJ050,0.205
A2_CustomCNN_w384,test,/content/data/IE7615 Deep Learning for AI/images_OBJ040/OBJ040_047.JPG,OBJ040_047.JPG,images_OBJ040,images_OBJ014,0.347
A2_CustomCNN_w384,test,/content/data/IE7615 Deep Learning for AI/images_OBJ071/OBJ071_042.jpg,OBJ071_042.jpg,images_OBJ071,images_OBJ007,0.369
A2_CustomCNN_w384,test,/content/data/IE7615 Deep Learning for AI/images_OBJ013/OBJ013_007.jpg,OBJ013_007.jpg,images_OBJ013,images_OBJ064,0.344
A2_CustomCNN_w384,test,/content/data/IE7615 Deep Learning for AI/images_OBJ052/OBJ052_017.jpg,OBJ052_017.jpg,images_OBJ052,images_OBJ061,0.529
A2_CustomCNN_w384,test,/content/data/IE7615 Deep Learning for AI/images_OBJ027/OBJ027_010.jpg,OBJ027_010.jpg,images_OBJ027,images_OBJ053,0.266
A2_CustomCNN_w384,test,/content/data/IE7615 Deep Learning for AI/images_OBJ005/OBJ005_067.jpg,OBJ005_067.jpg,images_OBJ005,images_OBJ009,0.28
A2_CustomCNN_w384,test,/content/data/IE7615 Deep Learning for AI/images_OBJ062/OBJ062_073.jpg,OBJ062_073.jpg,images_OBJ062,images_OBJ005,0.15
A2_CustomCNN_w384,test,/content/data/IE7615 Deep Learning for AI/images_OBJ052/OBJ052_069.jpg,OBJ052_069.jpg,images_OBJ052,images_OBJ048,0.42
A2_CustomCNN_w384,test,/content/data/IE7615 Deep Learning for AI/images_OBJ054/OBJ054_017.jpg,OBJ054_017.jpg,images_OBJ054,images_OBJ068,0.096
A2_CustomCNN_w384,test,/content/data/IE7615 Deep Learning for AI/images_OBJ017/OBJ017_033.jpg,OBJ017_033.jpg,images_OBJ017,images_OBJ013,0.187
A2_CustomCNN_w384,test,/content/data/IE7615 Deep Learning for AI/images_OBJ015/OBJ015_083.jpg,OBJ015_083.jpg,images_OBJ015,images_OBJ007,0.132
A2_CustomCNN_w384,test,/content/data/IE7615 Deep Learning for AI/images_OBJ034/OBJ034_040.jpg,OBJ034_040.jpg,images_OBJ034,images_OBJ032,0.318
A2_CustomCNN_w384,test,/content/data/IE7615 Deep Learning for AI/images_OBJ072/OBJ072_093.jpg,OBJ072_093.jpg,images_OBJ072,images_OBJ012,0.493
A2_CustomCNN_w384,test,/content/data/IE7615 Deep Learning for AI/images_OBJ050/OBJ050_022.jpg,OBJ050_022.jpg,images_OBJ050,images_OBJ009,0.241
A2_CustomCNN_w384,test,/content/data/IE7615 Deep Learning for AI/images_OBJ012/OBJ012_089.jpg,OBJ012_089.jpg,images_OBJ012,images_OBJ003,0.338
A2_CustomCNN_w384,test,/content/data/IE7615 Deep Learning for AI/images_OBJ014/sunglasses_038.jpeg,sunglasses_038.jpeg,images_OBJ014,images_OBJ004,0.323
A2_CustomCNN_w384,test,/content/data/IE7615 Deep Learning for AI/images_OBJ055/OBJ055_010.jpg,OBJ055_010.jpg,images_OBJ055,images_OBJ005,0.531
A2_CustomCNN_w384,test,/content/data/IE7615 Deep Learning for AI/images_OBJ017/OBJ017_104.jpg,OBJ017_104.jpg,images_OBJ017,images_OBJ025,0.272
A2_CustomCNN_w384,test,/content/data/IE7615 Deep Learning for AI/images_OBJ052/OBJ052_015.jpg,OBJ052_015.jpg,images_OBJ052,images_OBJ061,0.128
A2_CustomCNN_w384,test,/content/data/IE7615 Deep Learning for AI/images_OBJ042/OBJ042_087.jpg,OBJ042_087.jpg,images_OBJ042,images_OBJ017,0.641
A2_CustomCNN_w384,test,/content/data/IE7615 Deep Learning for AI/images_OBJ070/OBJ070_057.jpg,OBJ070_057.jpg,images_OBJ070,images_OBJ056,0.453
A2_CustomCNN_w384,test,/content/data/IE7615 Deep Learning for AI/images_OBJ017/OBJ017_056.jpg,OBJ017_056.jpg,images_OBJ017,images_OBJ013,0.323
A2_CustomCNN_w384,test,/content/data/IE7615 Deep Learning for AI/images_OBJ057/OBJ057_036.jpg,OBJ057_036.jpg,images_OBJ057,images_OBJ064,0.346
A2_CustomCNN_w384,test,/content/data/IE7615 Deep Learning for AI/images_OBJ012/OBJ012_090.jpg,OBJ012_090.jpg,images_OBJ012,images_OBJ003,0.41
A2_CustomCNN_w384,test,/content/data/IE7615 Deep Learning for AI/images_OBJ017/OBJ017_040.jpg,OBJ017_040.jpg,images_OBJ017,images_OBJ045,0.346
A2_CustomCNN_w384,test,/content/data/IE7615 Deep Learning for AI/images_OBJ044/OBJ044_049.jpg,OBJ044_049.jpg,images_OBJ044,images_OBJ003,0.472
A2_CustomCNN_w384,test,/content/data/IE7615 Deep Learning for AI/images_OBJ035/OBJ035_095.jpg,OBJ035_095.jpg,images_OBJ035,images_OBJ062,0.281
A2_CustomCNN_w384,test,/content/data/IE7615 Deep Learning for AI/images_OBJ054/OBJ054_073.jpg,OBJ054_073.jpg,images_OBJ054,images_OBJ061,0.426
A2_CustomCNN_w384,test,/content/data/IE7615 Deep Learning for AI/images_OBJ038/OBJ038_083.jpg,OBJ038_083.jpg,images_OBJ038,images_OBJ012,0.161
A2_CustomCNN_w384,test,/content/data/IE7615 Deep Learning for AI/images_OBJ058/OBJ058_009.jpg,OBJ058_009.jpg,images_OBJ058,images_OBJ072,0.273
A2_CustomCNN_w384,test,/content/data/IE7615 Deep Learning for AI/images_OBJ017/OBJ017_018.jpg,OBJ017_018.jpg,images_OBJ017,images_OBJ059,0.158
A2_CustomCNN_w384,test,/content/data/IE7615 Deep Learning for AI/images_OBJ013/OBJ013_086.jpg,OBJ013_086.jpg,images_OBJ013,images_OBJ045,0.185
A2_CustomCNN_w384,test,/content/data/IE7615 Deep Learning for AI/images_OBJ034/OBJ034_048.jpg,OBJ034_048.jpg,images_OBJ034,images_OBJ012,0.522
A2_CustomCNN_w384,test,/content/data/IE7615 Deep Learning for AI/images_OBJ061/OBJ061_090.jpg,OBJ061_090.jpg,images_OBJ061,images_OBJ022,0.272
A2_CustomCNN_w384,test,/content/data/IE7615 Deep Learning for AI/images_OBJ052/OBJ052_057.jpg,OBJ052_057.jpg,images_OBJ052,images_OBJ073,0.115
A2_CustomCNN_w384,test,/content/data/IE7615 Deep Learning for AI/images_OBJ007/OBJ007_059.jpg,OBJ007_059.jpg,images_OBJ007,images_OBJ016,0.419
A2_CustomCNN_w384,test,/content/data/IE7615 Deep Learning for AI/images_OBJ013/OBJ013_094.jpg,OBJ013_094.jpg,images_OBJ013,images_OBJ001,0.283
A2_CustomCNN_w384,test,/content/data/IE7615 Deep Learning for AI/images_OBJ030/OBJ030_055.jpg,OBJ030_055.jpg,images_OBJ030,images_OBJ058,0.328
A2_CustomCNN_w384,test,/content/data/IE7615 Deep Learning for AI/images_OBJ042/OBJ042_045.jpg,OBJ042_045.jpg,images_OBJ042,images_OBJ032,0.744
A2_CustomCNN_w384,test,/content/data/IE7615 Deep Learning for AI/images_OBJ036/OBJ036_059.jpg,OBJ036_059.jpg,images_OBJ036,images_OBJ022,0.506
A2_CustomCNN_w384,test,/content/data/IE7615 Deep Learning for AI/images_OBJ057/OBJ057_019.jpg,OBJ057_019.jpg,images_OBJ057,images_OBJ004,0.205
A2_CustomCNN_w384,test,/content/data/IE7615 Deep Learning for AI/images_OBJ057/OBJ057_017.jpg,OBJ057_017.jpg,images_OBJ057,images_OBJ004,0.401
A2_CustomCNN_w384,test,/content/data/IE7615 Deep Learning for AI/images_OBJ065/OBJ065_023.jpg,OBJ065_023.jpg,images_OBJ065,images_OBJ048,0.593
A2_CustomCNN_w384,test,/content/data/IE7615 Deep Learning for AI/images_OBJ014/sunglasses_040.jpeg,sunglasses_040.jpeg,images_OBJ014,images_OBJ072,0.258
A2_CustomCNN_w384,test,/content/data/IE7615 Deep Learning for AI/images_OBJ053/OBJ053_006.jpg,OBJ053_006.jpg,images_OBJ053,images_OBJ035,0.43
A2_CustomCNN_w384,test,/content/data/IE7615 Deep Learning for AI/images_OBJ009/OBJ009_089.jpg,OBJ009_089.jpg,images_OBJ009,images_OBJ045,0.18
A2_CustomCNN_w384,test,/content/data/IE7615 Deep Learning for AI/images_OBJ034/OBJ034_061.jpg,OBJ034_061.jpg,images_OBJ034,images_OBJ009,0.154
A2_CustomCNN_w384,test,/content/data/IE7615 Deep Learning for AI/images_OBJ061/OBJ061_014.jpg,OBJ061_014.jpg,images_OBJ061,images_OBJ050,0.324
A2_CustomCNN_w384,test,/content/data/IE7615 Deep Learning for AI/images_OBJ044/OBJ044_032.jpg,OBJ044_032.jpg,images_OBJ044,images_OBJ020,0.664
A2_CustomCNN_w384,test,/content/data/IE7615 Deep Learning for AI/images_OBJ039/OBJ039_013.jpg,OBJ039_013.jpg,images_OBJ039,images_OBJ003,0.233
A2_CustomCNN_w384,test,/content/data/IE7615 Deep Learning for AI/images_OBJ011/OBJ011_074.jpg,OBJ011_074.jpg,images_OBJ011,images_OBJ034,0.422
A2_CustomCNN_w384,test,/content/data/IE7615 Deep Learning for AI/images_OBJ034/OBJ034_038.jpg,OBJ034_038.jpg,images_OBJ034,images_OBJ045,0.416
C_ResNet50,val,/content/data/IE7615 Deep Learning for AI/images_OBJ013/OBJ013_088.jpg,OBJ013_088.jpg,images_OBJ013,images_OBJ026,0.073
C_ResNet50,val,/content/data/IE7615 Deep Learning for AI/images_OBJ013/OBJ013_059.jpg,OBJ013_059.jpg,images_OBJ013,images_OBJ058,0.069
C_ResNet50,val,/content/data/IE7615 Deep Learning for AI/images_OBJ012/OBJ012_060.jpg,OBJ012_060.jpg,images_OBJ012,images_OBJ063,0.319
C_ResNet50,val,/content/data/IE7615 Deep Learning for AI/images_OBJ059/OBJ059_055.jpg,OBJ059_055.jpg,images_OBJ059,images_OBJ061,0.852
C_ResNet50,val,/content/data/IE7615 Deep Learning for AI/images_OBJ020/OBJ020_012.jpg,OBJ020_012.jpg,images_OBJ020,images_OBJ063,0.732
C_ResNet50,val,/content/data/IE7615 Deep Learning for AI/images_OBJ014/sunglasses_075.jpeg,sunglasses_075.jpeg,images_OBJ014,images_OBJ012,0.173
C_ResNet50,val,/content/data/IE7615 Deep Learning for AI/images_OBJ012/OBJ012_040.jpg,OBJ012_040.jpg,images_OBJ012,images_OBJ057,0.29
C_ResNet50,val,/content/data/IE7615 Deep Learning for AI/images_OBJ068/OBJ068_059.jpg,OBJ068_059.jpg,images_OBJ068,images_OBJ031,0.094
C_ResNet50,test,/content/data/IE7615 Deep Learning for AI/images_OBJ063/OBJ063_007.jpg,OBJ063_007.jpg,images_OBJ063,images_OBJ070,0.125
C_ResNet50,test,/content/data/IE7615 Deep Learning for AI/images_OBJ033/OBJ033_084.jpg,OBJ033_084.jpg,images_OBJ033,images_OBJ007,0.722
C_ResNet50,test,/content/data/IE7615 Deep Learning for AI/images_OBJ034/OBJ034_017.jpg,OBJ034_017.jpg,images_OBJ034,images_OBJ052,0.409
C_ResNet50,test,/content/data/IE7615 Deep Learning for AI/images_OBJ013/OBJ013_001.jpg,OBJ013_001.jpg,images_OBJ013,images_OBJ049,0.338
C_ResNet50,test,/content/data/IE7615 Deep Learning for AI/images_OBJ061/OBJ061_020.jpg,OBJ061_020.jpg,images_OBJ061,images_OBJ059,0.646
C_ResNet50,test,/content/data/IE7615 Deep Learning for AI/images_OBJ014/sunglasses_041.jpeg,sunglasses_041.jpeg,images_OBJ014,images_OBJ004,0.566
C_ResNet50,test,/content/data/IE7615 Deep Learning for AI/images_OBJ042/OBJ042_044.jpg,OBJ042_044.jpg,images_OBJ042,images_OBJ027,0.397
C_ResNet50,test,/content/data/IE7615 Deep Learning for AI/images_OBJ013/OBJ013_074.jpg,OBJ013_074.jpg,images_OBJ013,images_OBJ059,0.202
C_ResNet50,test,/content/data/IE7615 Deep Learning for AI/images_OBJ068/OBJ068_082.jpg,OBJ068_082.jpg,images_OBJ068,images_OBJ059,0.106
C_ResNet50,test,/content/data/IE7615 Deep Learning for AI/images_OBJ033/OBJ033_082.jpg,OBJ033_082.jpg,images_OBJ033,images_OBJ059,0.223
C_ResNet50,test,/content/data/IE7615 Deep Learning for AI/images_OBJ054/OBJ054_017.jpg,OBJ054_017.jpg,images_OBJ054,images_OBJ050,0.181
C_ResNet50,test,/content/data/IE7615 Deep Learning for AI/images_OBJ055/OBJ055_010.jpg,OBJ055_010.jpg,images_OBJ055,images_OBJ012,0.602
C_ResNet50,test,/content/data/IE7615 Deep Learning for AI/images_OBJ012/OBJ012_090.jpg,OBJ012_090.jpg,images_OBJ012,images_OBJ003,0.463
C_ResNet50,test,/content/data/IE7615 Deep Learning for AI/images_OBJ014/sunglasses_040.jpeg,sunglasses_040.jpeg,images_OBJ014,images_OBJ045,0.421
D_EfficientNetB0,val,/content/data/IE7615 Deep Learning for AI/images_OBJ012/OBJ012_060.jpg,OBJ012_060.jpg,images_OBJ012,images_OBJ064,0.198
D_EfficientNetB0,val,/content/data/IE7615 Deep Learning for AI/images_OBJ057/OBJ057_061.jpg,OBJ057_061.jpg,images_OBJ057,images_OBJ012,0.168
D_EfficientNetB0,val,/content/data/IE7615 Deep Learning for AI/images_OBJ020/OBJ020_012.jpg,OBJ020_012.jpg,images_OBJ020,images_OBJ063,0.8
D_EfficientNetB0,val,/content/data/IE7615 Deep Learning for AI/images_OBJ061/OBJ061_033.jpg,OBJ061_033.jpg,images_OBJ061,images_OBJ059,0.883
D_EfficientNetB0,val,/content/data/IE7615 Deep Learning for AI/images_OBJ036/OBJ036_092.jpg,OBJ036_092.jpg,images_OBJ036,images_OBJ055,0.251
D_EfficientNetB0,val,/content/data/IE7615 Deep Learning for AI/images_OBJ061/OBJ061_088.jpg,OBJ061_088.jpg,images_OBJ061,images_OBJ059,0.295
D_EfficientNetB0,test,/content/data/IE7615 Deep Learning for AI/images_OBJ030/OBJ030_056.jpg,OBJ030_056.jpg,images_OBJ030,images_OBJ031,0.395
D_EfficientNetB0,test,/content/data/IE7615 Deep Learning for AI/images_OBJ014/sunglasses_037.jpeg,sunglasses_037.jpeg,images_OBJ014,images_OBJ045,0.787
D_EfficientNetB0,test,/content/data/IE7615 Deep Learning for AI/images_OBJ061/OBJ061_020.jpg,OBJ061_020.jpg,images_OBJ061,images_OBJ059,0.607
D_EfficientNetB0,test,/content/data/IE7615 Deep Learning for AI/images_OBJ014/sunglasses_041.jpeg,sunglasses_041.jpeg,images_OBJ014,images_OBJ004,0.512
D_EfficientNetB0,test,/content/data/IE7615 Deep Learning for AI/images_OBJ013/OBJ013_074.jpg,OBJ013_074.jpg,images_OBJ013,images_OBJ021,0.236
D_EfficientNetB0,test,/content/data/IE7615 Deep Learning for AI/images_OBJ061/OBJ061_036.jpg,OBJ061_036.jpg,images_OBJ061,images_OBJ059,0.536
D_EfficientNetB0,test,/content/data/IE7615 Deep Learning for AI/images_OBJ042/OBJ042_086.jpg,OBJ042_086.jpg,images_OBJ042,images_OBJ064,0.363
D_EfficientNetB0,test,/content/data/IE7615 Deep Learning for AI/images_OBJ033/OBJ033_082.jpg,OBJ033_082.jpg,images_OBJ033,images_OBJ024,0.152
D_EfficientNetB0,test,/content/data/IE7615 Deep Learning for AI/images_OBJ052/OBJ052_017.jpg,OBJ052_017.jpg,images_OBJ052,images_OBJ061,0.425
D_EfficientNetB0,test,/content/data/IE7615 Deep Learning for AI/images_OBJ054/OBJ054_017.jpg,OBJ054_017.jpg,images_OBJ054,images_OBJ070,0.162
D_EfficientNetB0,test,/content/data/IE7615 Deep Learning for AI/images_OBJ055/OBJ055_010.jpg,OBJ055_010.jpg,images_OBJ055,images_OBJ013,0.136
D_EfficientNetB0,test,/content/data/IE7615 Deep Learning for AI/images_OBJ012/OBJ012_090.jpg,OBJ012_090.jpg,images_OBJ012,images_OBJ003,0.525
D_EfficientNetB0,test,/content/data/IE7615 Deep Learning for AI/images_OBJ034/OBJ034_038.jpg,OBJ034_038.jpg,images_OBJ034,images_OBJ013,0.449
E_ConvNeXtT,val,/content/data/IE7615 Deep Learning for AI/images_OBJ036/OBJ036_094.jpg,OBJ036_094.jpg,images_OBJ036,images_OBJ012,0.269
E_ConvNeXtT,val,/content/data/IE7615 Deep Learning for AI/images_OBJ012/OBJ012_060.jpg,OBJ012_060.jpg,images_OBJ012,images_OBJ064,0.522
E_ConvNeXtT,val,/content/data/IE7615 Deep Learning for AI/images_OBJ059/OBJ059_055.jpg,OBJ059_055.jpg,images_OBJ059,images_OBJ061,0.738
E_ConvNeXtT,val,/content/data/IE7615 Deep Learning for AI/images_OBJ004/OBJ004_023.jpg,OBJ004_023.jpg,images_OBJ004,images_OBJ049,0.288
E_ConvNeXtT,test,/content/data/IE7615 Deep Learning for AI/images_OBJ063/OBJ063_007.jpg,OBJ063_007.jpg,images_OBJ063,images_OBJ054,0.161
E_ConvNeXtT,test,/content/data/IE7615 Deep Learning for AI/images_OBJ014/sunglasses_037.jpeg,sunglasses_037.jpeg,images_OBJ014,images_OBJ045,0.412
E_ConvNeXtT,test,/content/data/IE7615 Deep Learning for AI/images_OBJ037/OBJ037_053.jpg,OBJ037_053.jpg,images_OBJ037,images_OBJ027,0.472
E_ConvNeXtT,test,/content/data/IE7615 Deep Learning for AI/images_OBJ054/OBJ054_017.jpg,OBJ054_017.jpg,images_OBJ054,images_OBJ064,0.127
E_ConvNeXtT,test,/content/data/IE7615 Deep Learning for AI/images_OBJ061/OBJ061_061.jpg,OBJ061_061.jpg,images_OBJ061,images_OBJ051,0.491
E_ConvNeXtT,test,/content/data/IE7615 Deep Learning for AI/images_OBJ012/OBJ012_090.jpg,OBJ012_090.jpg,images_OBJ012,images_OBJ003,0.403
E_ConvNeXtT,test,/content/data/IE7615 Deep Learning for AI/images_OBJ059/OBJ059_037.jpg,OBJ059_037.jpg,images_OBJ059,images_OBJ061,0.655
E_ConvNeXtT,test,/content/data/IE7615 Deep Learning for AI/images_OBJ042/OBJ042_028.jpg,OBJ042_028.jpg,images_OBJ042,images_OBJ027,0.429
G_DenseNet121,val,/content/data/IE7615 Deep Learning for AI/images_OBJ013/OBJ013_088.jpg,OBJ013_088.jpg,images_OBJ013,images_OBJ024,0.094
G_DenseNet121,val,/content/data/IE7615 Deep Learning for AI/images_OBJ012/OBJ012_060.jpg,OBJ012_060.jpg,images_OBJ012,images_OBJ063,0.539
G_DenseNet121,val,/content/data/IE7615 Deep Learning for AI/images_OBJ065/OBJ065_059.jpg,OBJ065_059.jpg,images_OBJ065,images_OBJ062,0.268
G_DenseNet121,val,/content/data/IE7615 Deep Learning for AI/images_OBJ061/OBJ061_033.jpg,OBJ061_033.jpg,images_OBJ061,images_OBJ059,0.725
G_DenseNet121,val,/content/data/IE7615 Deep Learning for AI/images_OBJ038/OBJ038_060.jpg,OBJ038_060.jpg,images_OBJ038,images_OBJ061,0.394
G_DenseNet121,val,/content/data/IE7615 Deep Learning for AI/images_OBJ061/OBJ061_023.jpg,OBJ061_023.jpg,images_OBJ061,images_OBJ059,0.14
G_DenseNet121,val,/content/data/IE7615 Deep Learning for AI/images_OBJ061/OBJ061_088.jpg,OBJ061_088.jpg,images_OBJ061,images_OBJ059,0.361
G_DenseNet121,val,/content/data/IE7615 Deep Learning for AI/images_OBJ052/OBJ052_029.jpg,OBJ052_029.jpg,images_OBJ052,images_OBJ013,0.452
G_DenseNet121,val,/content/data/IE7615 Deep Learning for AI/images_OBJ004/OBJ004_023.jpg,OBJ004_023.jpg,images_OBJ004,images_OBJ017,0.191
G_DenseNet121,test,/content/data/IE7615 Deep Learning for AI/images_OBJ063/OBJ063_007.jpg,OBJ063_007.jpg,images_OBJ063,images_OBJ047,0.118
G_DenseNet121,test,/content/data/IE7615 Deep Learning for AI/images_OBJ030/OBJ030_056.jpg,OBJ030_056.jpg,images_OBJ030,images_OBJ031,0.144
G_DenseNet121,test,/content/data/IE7615 Deep Learning for AI/images_OBJ034/OBJ034_017.jpg,OBJ034_017.jpg,images_OBJ034,images_OBJ062,0.142
G_DenseNet121,test,/content/data/IE7615 Deep Learning for AI/images_OBJ014/sunglasses_037.jpeg,sunglasses_037.jpeg,images_OBJ014,images_OBJ045,0.582
G_DenseNet121,test,/content/data/IE7615 Deep Learning for AI/images_OBJ061/OBJ061_020.jpg,OBJ061_020.jpg,images_OBJ061,images_OBJ059,0.785
G_DenseNet121,test,/content/data/IE7615 Deep Learning for AI/images_OBJ061/OBJ061_036.jpg,OBJ061_036.jpg,images_OBJ061,images_OBJ059,0.489
G_DenseNet121,test,/content/data/IE7615 Deep Learning for AI/images_OBJ054/OBJ054_017.jpg,OBJ054_017.jpg,images_OBJ054,images_OBJ032,0.114
G_DenseNet121,test,/content/data/IE7615 Deep Learning for AI/images_OBJ055/OBJ055_010.jpg,OBJ055_010.jpg,images_OBJ055,images_OBJ013,0.149
G_DenseNet121,test,/content/data/IE7615 Deep Learning for AI/images_OBJ052/OBJ052_015.jpg,OBJ052_015.jpg,images_OBJ052,images_OBJ055,0.452
G_DenseNet121,test,/content/data/IE7615 Deep Learning for AI/images_OBJ061/OBJ061_061.jpg,OBJ061_061.jpg,images_OBJ061,images_OBJ059,0.521
G_DenseNet121,test,/content/data/IE7615 Deep Learning for AI/images_OBJ059/OBJ059_029.jpg,OBJ059_029.jpg,images_OBJ059,images_OBJ044,0.393
G_DenseNet121,test,/content/data/IE7615 Deep Learning for AI/images_OBJ012/OBJ012_090.jpg,OBJ012_090.jpg,images_OBJ012,images_OBJ003,0.48
G_DenseNet121,test,/content/data/IE7615 Deep Learning for AI/images_OBJ034/OBJ034_048.jpg,OBJ034_048.jpg,images_OBJ034,images_OBJ013,0.536
G_DenseNet121,test,/content/data/IE7615 Deep Learning for AI/images_OBJ034/OBJ034_038.jpg,OBJ034_038.jpg,images_OBJ034,images_OBJ061,0.265
