,precision,recall,f1-score,support
images_OBJ001,1.0,1.0,1.0,14.0
images_OBJ002,1.0,1.0,1.0,15.0
images_OBJ003,0.9375,1.0,0.967741935483871,15.0
images_OBJ004,1.0,1.0,1.0,15.0
images_OBJ005,1.0,1.0,1.0,15.0
images_OBJ006,1.0,1.0,1.0,14.0
images_OBJ007,1.0,1.0,1.0,14.0
images_OBJ008,1.0,1.0,1.0,14.0
images_OBJ009,1.0,1.0,1.0,14.0
images_OBJ010,1.0,1.0,1.0,14.0
images_OBJ011,1.0,1.0,1.0,14.0
images_OBJ012,1.0,0.9285714285714286,0.9629629629629629,14.0
images_OBJ013,1.0,1.0,1.0,14.0
images_OBJ014,1.0,0.9285714285714286,0.9629629629629629,14.0
images_OBJ015,1.0,1.0,1.0,14.0
images_OBJ016,1.0,1.0,1.0,15.0
images_OBJ017,1.0,1.0,1.0,16.0
images_OBJ018,1.0,1.0,1.0,15.0
images_OBJ019,1.0,1.0,1.0,14.0
images_OBJ020,1.0,1.0,1.0,14.0
images_OBJ021,1.0,1.0,1.0,14.0
images_OBJ022,1.0,1.0,1.0,14.0
images_OBJ023,1.0,1.0,1.0,13.0
images_OBJ024,1.0,1.0,1.0,14.0
images_OBJ025,1.0,1.0,1.0,14.0
images_OBJ026,1.0,1.0,1.0,14.0
images_OBJ027,0.875,1.0,0.9333333333333333,14.0
images_OBJ028,1.0,1.0,1.0,15.0
images_OBJ029,1.0,1.0,1.0,14.0
images_OBJ030,1.0,1.0,1.0,14.0
images_OBJ031,1.0,1.0,1.0,15.0
images_OBJ032,1.0,1.0,1.0,15.0
images_OBJ033,1.0,1.0,1.0,14.0
images_OBJ034,1.0,1.0,1.0,14.0
images_OBJ035,1.0,1.0,1.0,15.0
images_OBJ036,1.0,1.0,1.0,14.0
images_OBJ037,1.0,0.9285714285714286,0.9629629629629629,14.0
images_OBJ038,1.0,1.0,1.0,15.0
images_OBJ039,1.0,1.0,1.0,14.0
images_OBJ040,1.0,1.0,1.0,15.0
images_OBJ041,1.0,1.0,1.0,14.0
images_OBJ042,1.0,0.9285714285714286,0.9629629629629629,14.0
images_OBJ043,1.0,1.0,1.0,14.0
images_OBJ044,1.0,1.0,1.0,14.0
images_OBJ045,0.9333333333333333,1.0,0.9655172413793104,14.0
images_OBJ046,1.0,1.0,1.0,14.0
images_OBJ047,1.0,1.0,1.0,14.0
images_OBJ048,1.0,1.0,1.0,15.0
images_OBJ049,1.0,1.0,1.0,15.0
images_OBJ050,1.0,1.0,1.0,14.0
images_OBJ051,0.9411764705882353,1.0,0.9696969696969697,16.0
images_OBJ052,1.0,1.0,1.0,15.0
images_OBJ053,1.0,1.0,1.0,13.0
images_OBJ054,0.9333333333333333,0.9333333333333333,0.9333333333333333,15.0
images_OBJ055,1.0,1.0,1.0,14.0
images_OBJ056,1.0,1.0,1.0,14.0
images_OBJ057,1.0,1.0,1.0,15.0
images_OBJ058,1.0,1.0,1.0,14.0
images_OBJ059,1.0,0.9285714285714286,0.9629629629629629,14.0
images_OBJ060,1.0,1.0,1.0,15.0
images_OBJ061,0.9285714285714286,0.9285714285714286,0.9285714285714286,14.0
images_OBJ062,1.0,1.0,1.0,13.0
images_OBJ063,1.0,0.9285714285714286,0.9629629629629629,14.0
images_OBJ064,0.9333333333333333,1.0,0.9655172413793104,14.0
images_OBJ065,1.0,1.0,1.0,15.0
images_OBJ066,1.0,1.0,1.0,14.0
images_OBJ067,1.0,1.0,1.0,14.0
images_OBJ068,1.0,1.0,1.0,14.0
images_OBJ069,1.0,1.0,1.0,14.0
images_OBJ070,1.0,1.0,1.0,14.0
images_OBJ071,1.0,1.0,1.0,14.0
images_OBJ072,1.0,1.0,1.0,14.0
images_OBJ073,1.0,1.0,1.0,14.0
accuracy,0.9923224568138196,0.9923224568138196,0.9923224568138196,0.9923224568138196
macro avg,0.9929075054679406,0.9922374429223745,0.9923491679582923,1042.0
weighted avg,0.9928067724210604,0.9923224568138196,0.9923429163738827,1042.0
