epoch,train_loss,train_acc,val_acc,val_f1
1,2.606605902314186,0.6048828125,0.8413855970829535,0.8471829679206763
2,1.2572891384363174,0.9001953125,0.886052871467639,0.8891744333819598
3,1.0320834010839461,0.9423828125,0.927073837739289,0.9279298139170596
4,0.9441128984093666,0.9611328125,0.9197812215132178,0.9210375991257074
5,0.9097967058420181,0.969140625,0.9361896080218779,0.9371120719864938
6,0.877495726197958,0.9798828125,0.9407474931631723,0.9420212474155368
7,0.8592961393296719,0.9837890625,0.9434822242479489,0.9445897205640102
8,0.8255289793014526,0.9916015625,0.9498632634457612,0.9501345224729789
9,0.8273429527878762,0.9900390625,0.9535095715587967,0.954080903009507
10,0.820734827965498,0.991015625,0.9535095715587967,0.9540814137161677
11,0.8041017957031726,0.99453125,0.9580674567000912,0.9587035073251852
12,0.7993574745953083,0.9958984375,0.9580674567000912,0.9586990088110615
13,0.7948597319424152,0.996484375,0.9617137648131268,0.9622076143125585
14,0.7966716215014458,0.99453125,0.959890610756609,0.9603768492456256
15,0.7944881454110145,0.99453125,0.9608021877848678,0.961196007954258
