removed,duplicate_of
images_OBJ053/OBJ053_bg_006.jpg,images_OBJ053/OBJ053_bg_001.jpg
images_OBJ053/OBJ053_bg_008.jpg,images_OBJ053/OBJ053_bg_003.jpg
images_OBJ053/OBJ053_bg_009.jpg,images_OBJ053/OBJ053_bg_004.jpg
images_OBJ053/OBJ053_bg_007.jpg,images_OBJ053/OBJ053_bg_002.jpg
images_OBJ053/OBJ053_bg_010.jpg,images_OBJ053/OBJ053_bg_005.jpg
images_OBJ023/OBJ023_085.JPG,images_OBJ023/OBJ023_034.JPG
images_OBJ023/OBJ023_086.JPG,images_OBJ023/OBJ023_036.JPG
images_OBJ023/OBJ023_092.JPG,images_OBJ023/OBJ023_037.JPG
images_OBJ023/OBJ023_091.JPG,images_OBJ023/OBJ023_031.JPG
images_OBJ023/OBJ023_089.JPG,images_OBJ023/OBJ023_050.JPG
images_OBJ023/OBJ023_090.JPG,images_OBJ023/OBJ023_059.JPG
images_OBJ028/OBJ028_032.jpg,images_OBJ028/OBJ028_032(1).jpg
images_OBJ066/OBJ066_082.jpg,images_OBJ066/OBJ066_081.jpg
images_OBJ067/OBJ067_bg_002.jpeg,images_OBJ067/OBJ067_bg_001.jpeg
images_OBJ065/OBJ065_bg_002.jpg,images_OBJ065/OBJ065_003.jpg
images_OBJ065/OBJ065_bg_001.jpg,images_OBJ065/OBJ065_001.jpg
images_OBJ065/OBJ065_bg_004.jpg,images_OBJ065/OBJ065_052.jpg
images_OBJ065/OBJ065_bg_005.jpg,images_OBJ065/OBJ065_075.jpg
images_OBJ065/OBJ065_bg_003.jpg,images_OBJ065/OBJ065_026.jpg
images_OBJ029/OBJ029_083.jpg,images_OBJ029/OBJ029_006.jpg
images_OBJ002/OBJ002_bg_004.jpg,images_OBJ002/OBJ002_bg_003.jpg
images_OBJ022/OBJ022_022.jpeg,images_OBJ022/OBJ022_021.jpeg
images_OBJ062/OBJ062_095.jpg,images_OBJ062/OBJ062_039.jpg
images_OBJ062/OBJ062_037.jpg,images_OBJ062/OBJ062_009.jpg
images_OBJ062/OBJ062_052.jpg,images_OBJ062/OBJ062_022.jpg
images_OBJ062/OBJ062_038.jpg,images_OBJ062/OBJ062_010.jpg
images_OBJ011/OBJ011_026.jpg,images_OBJ011/OBJ011_024.jpg
images_OBJ011/OBJ011_025.jpg,images_OBJ011/OBJ011_023.jpg
