step,name,start,end,seconds,status,message
B0.04,Logging,2026-10-02 18:46:33,2026-10-02 18:46:33,0.0,OK,
B1.01,Index the dataset: one folder per Object ID,2026-10-02 18:46:33,2026-10-02 18:46:33,0.2,OK,
B1.02,Decode every image once into RAM at 224x224 (cached on disk → re-runs take seconds),2026-10-02 18:46:34,2026-10-02 18:46:50,16.8,OK,
B1.03,Background-only removal by filename,2026-10-02 18:46:50,2026-10-02 18:46:51,0.6,OK,
B1.04,"Remove exact duplicates (before the split), optional per-class cap, re-index",2026-10-02 18:46:51,2026-10-02 18:46:51,0.5,OK,
B1.05,Look at one class's full shot sequence,2026-10-02 18:46:51,2026-10-02 18:46:59,7.9,OK,
B1.06,"Shared transforms, perturbations and dataset",2026-10-02 18:46:59,2026-10-02 18:47:00,0.6,OK,
B1.07,Frozen ConvNeXt-Tiny features for every image (used for the label audit and near-duplicate check),2026-10-02 18:47:00,2026-10-02 18:47:33,33.4,OK,
B1.08,Label-quality audit: out-of-fold predictions from a linear classifier on frozen features,2026-10-02 18:47:33,2026-10-02 18:47:41,7.9,OK,
B1.09,Review the 40 most suspicious images,2026-10-02 18:47:41,2026-10-02 18:47:45,4.2,OK,
B2.01,"Stratified 70/15/15 split, fixed seed, identical for every model",2026-10-02 18:47:46,2026-10-02 18:47:46,0.0,OK,
B2.02,Verify every Object ID is split in the same 70/15/15 proportion; handle unequal class sizes,2026-10-02 18:47:46,2026-10-02 18:47:46,0.0,OK,
B2.03,Near-duplicate leakage check,2026-10-02 18:47:46,2026-10-02 18:47:47,1.0,OK,
B2.04,Models,2026-10-02 18:47:47,2026-10-02 18:47:47,0.0,OK,
B2.05,"Architecture check: layer shapes, normalisation and pooling of every model (for the report)",2026-10-02 18:47:47,2026-10-02 18:47:48,1.9,OK,
B2.06,"Training engine — checkpointed every epoch, resumable, fault-tolerant",2026-10-02 18:47:49,2026-10-02 18:47:49,0.0,OK,
B3.01,Experiment A_custom_cnn_scratch,2026-10-02 18:47:49,2026-10-02 19:45:39,3470.1,OK,
B3.02,Experiment B_convnext_linear_probe,2026-10-02 19:45:39,2026-10-02 19:51:08,329.3,OK,
B3.03,Experiment C_resnet50_finetune,2026-10-02 19:51:08,2026-10-02 20:18:13,1625.4,OK,
B3.04,Experiment D_efficientnet_b0_finetune,2026-10-02 20:18:13,2026-10-02 20:45:38,1645.0,OK,
B3.05,Experiment E_convnext_tiny_finetune,2026-10-02 20:45:38,2026-10-02 21:01:15,936.4,OK,
B3.06,Experiment F_convnext_tiny_basic_aug,2026-10-02 21:01:15,2026-10-02 21:08:04,408.9,OK,
B3.07,Experiment status,2026-10-02 21:08:04,2026-10-02 21:08:04,0.0,OK,
B4.01,Main comparison table with 95% bootstrap confidence intervals,2026-10-02 21:08:04,2026-10-02 21:08:04,0.1,OK,
B4.02,Is the winner significantly better? McNemar's exact test on paired test predictions,2026-10-02 21:08:04,2026-10-02 21:08:04,0.0,OK,
B4.03,Robustness: accuracy under simulated small / cut-off / occluded / low-quality conditions,2026-10-02 21:08:04,2026-10-02 21:08:05,0.7,OK,
B4.04,Training curves,2026-10-02 21:08:05,2026-10-02 21:08:08,2.8,OK,
B4.05,Error analysis of the selected model,2026-10-02 21:08:08,2026-10-02 21:08:13,5.8,OK,
B4.06,Grad-CAM: does the model look at the object or at the background?,2026-10-02 21:08:13,2026-10-02 21:09:18,64.8,OK,
B4.07,Background-shortcut test: what does the model predict on images that contain NO object?,2026-10-02 21:09:18,2026-10-02 21:10:38,80.0,OK,
B4.08,Write a results summary (tables + key facts) to paste into the report,2026-10-02 21:10:38,2026-10-02 21:10:39,0.6,ERROR,TypeError: 'str' object is not callable
