epoch,train_loss,train_acc,val_loss,val_acc,val_macro_f1,lr,sec,gpu_mem_gb
1,2.79348,0.55836,0.36525,0.95197,0.95274,1.00e-04,33.7,2.51
2,0.88270,0.98427,0.20082,0.98655,0.98644,9.93e-05,33.6,2.51
3,0.80449,0.99814,0.18652,0.98655,0.98658,9.73e-05,33.8,2.51
4,0.78369,0.99897,0.18720,0.98655,0.98634,9.40e-05,34.0,2.51
5,0.77283,0.99959,0.16191,0.98847,0.98827,8.95e-05,34.0,2.51
6,0.76418,0.99959,0.16230,0.98559,0.98532,8.39e-05,34.4,2.51
7,0.75831,1.00000,0.15798,0.98751,0.98721,7.73e-05,33.8,2.51
8,0.75441,1.00000,0.16231,0.98559,0.98551,7.01e-05,33.8,2.51
9,0.75270,1.00000,0.15546,0.98655,0.98637,6.23e-05,33.8,2.51
10,0.75038,1.00000,0.15918,0.98655,0.98653,5.41e-05,33.9,2.51
11,0.74944,1.00000,0.15442,0.98655,0.98638,4.59e-05,33.9,2.51
